Share Symbol,Name,Number of transaction,Max Price,Min Price,Closing Price,Difference,Traded Shares,Traded Amount,Previous Closing,Percent Difference,Date
GVL,Green Ventures Limited,221,Rs. 342,Rs. 320,Rs. 331,-11.7,16218.00,5319675.00,342.7,-3.41,"15 September, 2022"
GVL,Green Ventures Limited,93,Rs. 304,Rs. 288.6,Rs. 300,0.0,3698.00,1098175.00,300,0.0,"12 October, 2022"
GVL,Green Ventures Limited,91,Rs. 300,Rs. 296,Rs. 299.9,-0.1,3630.00,1082475.50,300,-0.03,"13 October, 2022"
GVL,Green Ventures Limited,173,Rs. 300,Rs. 285,Rs. 293.8,-6.1,6555.00,1903610.50,299.9,-2.03,"16 October, 2022"
GVL,Green Ventures Limited,118,Rs. 300.8,Rs. 284,Rs. 300.8,7.0,3267.00,943351.20,293.8,2.38,"17 October, 2022"
GVL,Green Ventures Limited,111,Rs. 295,Rs. 284.7,Rs. 290,-10.8,4750.00,1366998.00,300.8,-3.59,"19 October, 2022"
GVL,Green Ventures Limited,126,Rs. 289,Rs. 278.7,Rs. 280.1,-9.9,9990.00,2813001.00,290,-3.41,"20 October, 2022"
GVL,Green Ventures Limited,78,Rs. 285.7,Rs. 276,Rs. 285,4.9,1265.00,354532.00,280.1,1.75,"23 October, 2022"
GVL,Green Ventures Limited,96,Rs. 290,Rs. 277.1,Rs. 283,-2.0,2600.00,729730.00,285,-0.7,"31 October, 2022"
GVL,Green Ventures Limited,147,Rs. 299,Rs. 278.1,Rs. 299,16.0,9489.00,2767673.00,283,5.65,"01 November, 2022"
GVL,Green Ventures Limited,133,Rs. 308.2,Rs. 294,Rs. 301.5,2.5,9004.00,2698679.40,299,0.84,"02 November, 2022"
GVL,Green Ventures Limited,129,Rs. 300.9,Rs. 291,Rs. 291,-10.5,11934.00,3502875.60,301.5,-3.48,"03 November, 2022"
GVL,Green Ventures Limited,180,Rs. 303,Rs. 282.1,Rs. 303,12.0,5855.00,1736968.00,291,4.12,"06 November, 2022"
GVL,Green Ventures Limited,174,Rs. 306,Rs. 295.1,Rs. 295.2,-7.8,7569.00,2266718.80,303,-2.57,"07 November, 2022"
GVL,Green Ventures Limited,111,Rs. 306,Rs. 291,Rs. 295,-0.2,4260.00,1256817.50,295.2,-0.07,"08 November, 2022"
GVL,Green Ventures Limited,130,Rs. 300,Rs. 284.4,Rs. 289.9,-5.1,12930.00,3704982.10,295,-1.73,"09 November, 2022"
GVL,Green Ventures Limited,116,Rs. 295.5,Rs. 275.7,Rs. 286,-3.9,10474.00,2967781.00,289.9,-1.35,"10 November, 2022"
GVL,Green Ventures Limited,138,Rs. 287.7,Rs. 275.1,Rs. 276.5,-9.5,5002.00,1402182.00,286,-3.32,"13 November, 2022"
GVL,Green Ventures Limited,105,Rs. 285,Rs. 272,Rs. 280,3.5,2648.00,736251.10,276.5,1.27,"14 November, 2022"
GVL,Green Ventures Limited,109,Rs. 285.6,Rs. 276,Rs. 280,0.0,5567.00,1558866.00,280,0.0,"15 November, 2022"
GVL,Green Ventures Limited,113,Rs. 289.9,Rs. 275.3,Rs. 289.9,9.9,6438.00,1836649.30,280,3.54,"16 November, 2022"
GVL,Green Ventures Limited,154,Rs. 304,Rs. 284.5,Rs. 296,6.1,16667.00,4942701.70,289.9,2.1,"17 November, 2022"
GVL,Green Ventures Limited,169,Rs. 301.9,Rs. 283,Rs. 286,-10.0,17851.00,5159593.90,296,-3.38,"22 November, 2022"
GVL,Green Ventures Limited,109,Rs. 291.7,Rs. 281.7,Rs. 283.5,-2.5,6134.00,1741587.10,286,-0.87,"23 November, 2022"
GVL,Green Ventures Limited,123,Rs. 292,Rs. 283.5,Rs. 289.8,6.3,3483.00,1001801.00,283.5,2.22,"24 November, 2022"
GVL,Green Ventures Limited,220,Rs. 298.1,Rs. 289.8,Rs. 298.1,8.3,9183.00,2694911.90,289.8,2.86,"27 November, 2022"
GVL,Green Ventures Limited,183,Rs. 308.9,Rs. 292.5,Rs. 293,-5.1,12892.00,3845502.00,298.1,-1.71,"28 November, 2022"
GVL,Green Ventures Limited,89,Rs. 298,Rs. 287.5,Rs. 292,-1.0,1805.00,526546.00,293,-0.34,"29 November, 2022"
GVL,Green Ventures Limited,168,Rs. 297.2,Rs. 285,Rs. 295,3.0,12059.00,3527110.00,292,1.03,"30 November, 2022"
GVL,Green Ventures Limited,142,Rs. 303,Rs. 290,Rs. 297,2.0,7374.00,2198122.20,295,0.68,"01 December, 2022"
GVL,Green Ventures Limited,178,Rs. 297.9,Rs. 290,Rs. 293,-4.0,6054.00,1785798.00,297,-1.35,"04 December, 2022"
GVL,Green Ventures Limited,166,Rs. 302.9,Rs. 286.2,Rs. 295,2.0,6568.00,1934419.80,293,0.68,"05 December, 2022"
GVL,Green Ventures Limited,133,Rs. 297,Rs. 290,Rs. 292.1,-2.9,6119.00,1793669.40,295,-0.98,"06 December, 2022"
GVL,Green Ventures Limited,338,Rs. 311,Rs. 290.3,Rs. 305,12.9,33382.00,10144233.50,292.1,4.42,"07 December, 2022"
GVL,Green Ventures Limited,172,Rs. 303.9,Rs. 294,Rs. 297.3,-7.7,10868.00,3265683.00,305,-2.52,"11 December, 2022"
GVL,Green Ventures Limited,220,Rs. 313,Rs. 295.1,Rs. 313,15.7,12299.00,3771158.10,297.3,5.28,"12 December, 2022"
GVL,Green Ventures Limited,172,Rs. 318,Rs. 306.8,Rs. 307.2,-5.8,10333.00,3228342.40,313,-1.85,"13 December, 2022"
GVL,Green Ventures Limited,151,Rs. 312,Rs. 303.1,Rs. 306,-1.2,6262.00,1930560.70,307.2,-0.39,"14 December, 2022"
GVL,Green Ventures Limited,186,Rs. 304.9,Rs. 298,Rs. 298,-8.0,10701.00,3216370.80,306,-2.61,"15 December, 2022"
GVL,Green Ventures Limited,168,Rs. 303,Rs. 295.1,Rs. 302.9,4.9,5767.00,1726134.30,298,1.64,"18 December, 2022"
GVL,Green Ventures Limited,151,Rs. 305,Rs. 297,Rs. 303,0.1,4375.00,1320351.00,302.9,0.03,"19 December, 2022"
GVL,Green Ventures Limited,216,Rs. 312,Rs. 300,Rs. 309,6.0,14155.00,4369670.40,303,1.98,"20 December, 2022"
GVL,Green Ventures Limited,158,Rs. 313,Rs. 301.1,Rs. 306,-3.0,8513.00,2591362.90,309,-0.97,"21 December, 2022"
GVL,Green Ventures Limited,144,Rs. 309,Rs. 297,Rs. 305,-1.0,5600.00,1700920.00,306,-0.33,"22 December, 2022"
GVL,Green Ventures Limited,244,Rs. 320.7,Rs. 300,Rs. 320.7,15.7,16652.00,5214439.00,305,5.15,"26 December, 2022"
GVL,Green Ventures Limited,358,Rs. 338,Rs. 316.5,Rs. 328,7.3,39332.00,12817239.70,320.7,2.28,"27 December, 2022"
GVL,Green Ventures Limited,239,Rs. 342,Rs. 319.2,Rs. 334,6.0,20566.00,6774709.60,328,1.83,"28 December, 2022"
GVL,Green Ventures Limited,285,Rs. 356,Rs. 333,Rs. 352,18.0,38191.00,13176999.50,334,5.39,"29 December, 2022"
GVL,Green Ventures Limited,349,Rs. 357,Rs. 333.2,Rs. 342,-10.0,38796.00,13393903.60,352,-2.84,"01 January, 2023"
GVL,Green Ventures Limited,298,Rs. 348,Rs. 335.5,Rs. 348,6.0,16074.00,5490232.50,342,1.75,"02 January, 2023"
GVL,Green Ventures Limited,425,Rs. 367,Rs. 336.7,Rs. 355,7.0,59312.00,20951487.80,348,2.01,"03 January, 2023"
GVL,Green Ventures Limited,451,Rs. 385,Rs. 350,Rs. 375.3,20.3,51755.00,19161305.50,355,5.72,"04 January, 2023"
GVL,Green Ventures Limited,371,Rs. 394,Rs. 363,Rs. 379.5,4.2,40835.00,15334560.20,375.3,1.12,"05 January, 2023"
GVL,Green Ventures Limited,482,Rs. 400,Rs. 365.2,Rs. 386,6.5,43397.00,16829042.70,379.5,1.71,"08 January, 2023"
GVL,Green Ventures Limited,686,Rs. 414.9,Rs. 380,Rs. 414.9,28.9,80947.00,32072318.80,386,7.49,"09 January, 2023"
GVL,Green Ventures Limited,618,Rs. 420,Rs. 385,Rs. 396,-18.9,55882.00,22576641.50,414.9,-4.56,"10 January, 2023"
GVL,Green Ventures Limited,534,Rs. 403,Rs. 373.4,Rs. 378,-18.0,53704.00,20614541.30,396,-4.55,"12 January, 2023"
GVL,Green Ventures Limited,718,Rs. 415.8,Rs. 373,Rs. 415.8,37.8,96569.00,38992857.70,378,10.0,"17 January, 2023"
GVL,Green Ventures Limited,1100,Rs. 457.3,Rs. 424.1,Rs. 457.3,41.5,209612.00,95231527.00,415.8,9.98,"18 January, 2023"
GVL,Green Ventures Limited,1388,Rs. 500,Rs. 448,Rs. 488,30.7,70881.00,33626301.40,457.3,6.71,"19 January, 2023"
GVL,Green Ventures Limited,932,Rs. 497.7,Rs. 459,Rs. 459,-29.0,96935.00,46065711.00,488,-5.94,"23 January, 2023"
GVL,Green Ventures Limited,758,Rs. 484,Rs. 441.2,Rs. 474.1,15.1,40881.00,19069098.10,459,3.29,"24 January, 2023"
GVL,Green Ventures Limited,748,Rs. 511,Rs. 460,Rs. 511,36.9,57242.00,27523372.50,474.1,7.78,"25 January, 2023"
GVL,Green Ventures Limited,607,Rs. 501,Rs. 477.2,Rs. 488,-23.0,81475.00,39388797.20,511,-4.5,"26 January, 2023"
GVL,Green Ventures Limited,539,Rs. 477,Rs. 447.2,Rs. 451,-16.0,33467.00,15474141.60,467,-3.43,"30 January, 2023"
GVL,Green Ventures Limited,591,Rs. 467,Rs. 435.2,Rs. 467,16.0,31367.00,14222212.00,451,3.55,"31 January, 2023"
GVL,Green Ventures Limited,397,Rs. 474,Rs. 454,Rs. 456,-11.0,35371.00,16487894.90,467,-2.36,"01 February, 2023"
GVL,Green Ventures Limited,408,Rs. 461,Rs. 443,Rs. 449.9,-6.1,21655.00,9745469.90,456,-1.34,"02 February, 2023"
GVL,Green Ventures Limited,475,Rs. 470,Rs. 440,Rs. 446,-3.9,21377.00,9715659.80,449.9,-0.87,"05 February, 2023"
GVL,Green Ventures Limited,381,Rs. 455.1,Rs. 439.3,Rs. 446,0.0,10987.00,4922934.70,446,0.0,"06 February, 2023"
GVL,Green Ventures Limited,636,Rs. 490.6,Rs. 441,Rs. 490,44.0,49897.00,23413309.30,446,9.87,"07 February, 2023"
GVL,Green Ventures Limited,532,Rs. 499.5,Rs. 468.5,Rs. 471,-19.0,77063.00,37025346.50,490,-3.88,"08 February, 2023"
GVL,Green Ventures Limited,287,Rs. 472,Rs. 462.5,Rs. 470,-1.0,13630.00,6363028.00,471,-0.21,"09 February, 2023"
GVL,Green Ventures Limited,325,Rs. 465,Rs. 451.4,Rs. 454,-16.0,28749.00,13112150.90,470,-3.4,"12 February, 2023"
GVL,Green Ventures Limited,392,Rs. 473,Rs. 441,Rs. 452.5,-1.5,28714.00,13069257.50,454,-0.33,"14 February, 2023"
GVL,Green Ventures Limited,281,Rs. 456,Rs. 444,Rs. 445,-7.5,18250.00,8188009.00,452.5,-1.66,"15 February, 2023"
GVL,Green Ventures Limited,280,Rs. 454,Rs. 436.2,Rs. 438.8,-6.2,21774.00,9634708.30,445,-1.39,"16 February, 2023"
GVL,Green Ventures Limited,311,Rs. 440,Rs. 429,Rs. 438,-0.8,74512.00,32189102.20,438.8,-0.18,"20 February, 2023"
GVL,Green Ventures Limited,301,Rs. 452.9,Rs. 435.5,Rs. 450,-1.1,18301.00,8072095.60,451.1,-0.24,"23 February, 2023"
GVL,Green Ventures Limited,355,Rs. 466,Rs. 436,Rs. 459.7,0.7,27805.00,12452010.60,459,0.15,"27 February, 2023"
GVL,Green Ventures Limited,272,Rs. 462,Rs. 450.7,Rs. 454.9,-4.8,21011.00,9574027.00,459.7,-1.04,"28 February, 2023"
GVL,Green Ventures Limited,165,Rs. 450,Rs. 440.5,Rs. 443,-11.9,6600.00,2922529.00,454.9,-2.62,"01 March, 2023"
GVL,Green Ventures Limited,222,Rs. 436,Rs. 419,Rs. 420,-17.0,8255.00,3503770.00,437,-3.89,"05 March, 2023"
GVL,Green Ventures Limited,189,Rs. 440,Rs. 417.4,Rs. 430,10.0,12318.00,5259568.50,420,2.38,"07 March, 2023"
GVL,Green Ventures Limited,256,Rs. 446,Rs. 431,Rs. 443.9,13.9,12019.00,5273642.70,430,3.23,"09 March, 2023"
GVL,Green Ventures Limited,243,Rs. 446,Rs. 433.2,Rs. 440,-3.9,16397.00,7219936.50,443.9,-0.88,"12 March, 2023"
GVL,Green Ventures Limited,210,Rs. 457,Rs. 430.3,Rs. 457,17.0,13900.00,6061980.00,440,3.86,"13 March, 2023"
GVL,Green Ventures Limited,230,Rs. 465,Rs. 439.2,Rs. 445,-12.0,9354.00,4186847.80,457,-2.63,"14 March, 2023"
GVL,Green Ventures Limited,182,Rs. 447.4,Rs. 437,Rs. 446.9,1.9,5103.00,2246025.60,445,0.43,"15 March, 2023"
GVL,Green Ventures Limited,292,Rs. 464.1,Rs. 426.2,Rs. 464.1,31.1,22253.00,9764894.10,433,7.18,"19 March, 2023"
GVL,Green Ventures Limited,270,Rs. 454.9,Rs. 441.1,Rs. 453.9,-10.2,24248.00,10879304.00,464.1,-2.2,"20 March, 2023"
GVL,Green Ventures Limited,197,Rs. 443.7,Rs. 432.4,Rs. 440,0.0,17785.00,7792256.50,440,0.0,"23 March, 2023"
GVL,Green Ventures Limited,206,Rs. 435,Rs. 419.1,Rs. 430,-10.0,12721.00,5453721.60,440,-2.27,"26 March, 2023"
GVL,Green Ventures Limited,209,Rs. 434.8,Rs. 421.4,Rs. 433,3.0,10682.00,4564449.00,430,0.7,"27 March, 2023"
GVL,Green Ventures Limited,194,Rs. 441,Rs. 428.1,Rs. 429,-4.0,7767.00,3374543.00,433,-0.92,"28 March, 2023"
GVL,Green Ventures Limited,216,Rs. 436.5,Rs. 418.5,Rs. 422.1,-4.9,15240.00,6469092.70,427,-1.15,"30 March, 2023"
GVL,Green Ventures Limited,184,Rs. 415,Rs. 403,Rs. 409.5,-1.5,8404.00,3424450.60,411,-0.36,"03 April, 2023"
GVL,Green Ventures Limited,171,Rs. 413,Rs. 402.1,Rs. 409,-0.5,12189.00,4971347.30,409.5,-0.12,"04 April, 2023"
GVL,Green Ventures Limited,146,Rs. 410,Rs. 403,Rs. 404.2,-4.8,7785.00,3157646.00,409,-1.17,"05 April, 2023"
GVL,Green Ventures Limited,157,Rs. 414.4,Rs. 401.1,Rs. 401.1,-3.1,10775.00,4373754.50,404.2,-0.77,"06 April, 2023"
GVL,Green Ventures Limited,230,Rs. 407.7,Rs. 396,Rs. 396,-5.1,11609.00,4657999.40,401.1,-1.27,"09 April, 2023"
GVL,Green Ventures Limited,150,Rs. 403.1,Rs. 390,Rs. 400,4.0,10405.00,4150205.50,396,1.01,"10 April, 2023"
GVL,Green Ventures Limited,205,Rs. 421.3,Rs. 394,Rs. 412,12.0,4731.00,1912512.00,400,3.0,"11 April, 2023"
GVL,Green Ventures Limited,252,Rs. 429,Rs. 404.1,Rs. 423.1,11.1,13120.00,5538962.00,412,2.69,"12 April, 2023"
GVL,Green Ventures Limited,209,Rs. 420,Rs. 411.3,Rs. 412,-6.3,8666.00,3583899.50,418.3,-1.51,"16 April, 2023"
GVL,Green Ventures Limited,192,Rs. 415,Rs. 407,Rs. 408,-4.0,3460.00,1424053.00,412,-0.97,"17 April, 2023"
GVL,Green Ventures Limited,139,Rs. 411,Rs. 403.7,Rs. 403.8,-8.0,6750.00,2742216.40,411.8,-1.94,"20 April, 2023"
GVL,Green Ventures Limited,181,Rs. 403,Rs. 395.8,Rs. 402.9,-0.9,4598.00,1840533.00,403.8,-0.22,"23 April, 2023"
GVL,Green Ventures Limited,167,Rs. 403,Rs. 395,Rs. 402,-0.9,4075.00,1620153.50,402.9,-0.22,"24 April, 2023"
GVL,Green Ventures Limited,172,Rs. 410,Rs. 394.1,Rs. 402,0.0,2860.00,1148916.00,402,0.0,"25 April, 2023"
GVL,Green Ventures Limited,256,Rs. 418,Rs. 397.1,Rs. 403.8,1.8,13160.00,5365537.00,402,0.45,"26 April, 2023"
GVL,Green Ventures Limited,159,Rs. 405,Rs. 398.1,Rs. 405,1.2,3590.00,1442889.60,403.8,0.3,"27 April, 2023"
GVL,Green Ventures Limited,132,Rs. 402.0,Rs. 387.3,Rs. 390.0,-1.4,6643,2606376.6,391.4,-0.36,"08 May, 2023"
GVL,Green Ventures Limited,63,Rs. 400.0,Rs. 392.1,Rs. 396.0,-6.0,1070,424149.0,402.0,-1.49,"11 May, 2023"
GVL,Green Ventures Limited,110,Rs. 403.0,Rs. 386.0,Rs. 390.0,-6.0,15222,5942437.0,396.0,-1.52,"14 May, 2023"
GVL,Green Ventures Limited,108,Rs. 394.0,Rs. 384.0,Rs. 385.0,-5.0,1857,719357.7,390.0,-1.28,"15 May, 2023"
GVL,Green Ventures Limited,85,Rs. 393.0,Rs. 378.0,Rs. 382.6,-2.4,2830,1092068.0,385.0,-0.62,"16 May, 2023"
GVL,Green Ventures Limited,106,Rs. 395.0,Rs. 383.0,Rs. 393.0,10.4,3119,1220252.0,382.6,2.72,"17 May, 2023"
GVL,Green Ventures Limited,223,Rs. 407.0,Rs. 393.1,Rs. 405.0,12.0,14825,5979792.5,393.0,3.05,"18 May, 2023"
GVL,Green Ventures Limited,206,Rs. 411.5,Rs. 400.0,Rs. 401.1,-3.9,14698,5953480.3,405.0,-0.96,"21 May, 2023"
GVL,Green Ventures Limited,170,Rs. 413.0,Rs. 393.3,Rs. 410.0,8.9,9647,3930105.3,401.1,2.22,"22 May, 2023"
GVL,Green Ventures Limited,350,Rs. 430.0,Rs. 412.0,Rs. 430.0,20.0,25503,10770444.1,410.0,4.88,"23 May, 2023"
GVL,Green Ventures Limited,155,Rs. 434.0,Rs. 421.4,Rs. 425.1,-4.9,9647,4108633.0,430.0,-1.14,"24 May, 2023"
GVL,Green Ventures Limited,302,Rs. 430.0,Rs. 417.1,Rs. 421.0,-4.1,24817,10557948.0,425.1,-0.96,"28 May, 2023"
GVL,Green Ventures Limited,196,Rs. 410.0,Rs. 390.0,Rs. 392.1,-15.9,24165,9562065.9,408.0,-3.9,"31 May, 2023"
GVL,Green Ventures Limited,153,Rs. 399.7,Rs. 384.1,Rs. 395.0,2.9,13428,5254524.4,392.1,0.74,"01 June, 2023"
GVL,Green Ventures Limited,223,Rs. 422.0,Rs. 395.0,Rs. 415.0,20.0,18849,7771947.0,395.0,5.06,"04 June, 2023"
GVL,Green Ventures Limited,187,Rs. 422.0,Rs. 407.1,Rs. 414.9,-0.1,14475,5994990.0,415.0,-0.02,"05 June, 2023"
GVL,Green Ventures Limited,232,Rs. 424.0,Rs. 407.1,Rs. 420.0,5.1,9295,3891166.0,414.9,1.23,"06 June, 2023"
GVL,Green Ventures Limited,205,Rs. 426.3,Rs. 413.0,Rs. 420.0,0.0,18609,7822716.7,420.0,0.0,"07 June, 2023"
GVL,Green Ventures Limited,222,Rs. 426.0,Rs. 409.1,Rs. 412.0,-8.0,12079,5030215.4,420.0,-1.9,"08 June, 2023"
GVL,Green Ventures Limited,460,Rs. 440.0,Rs. 415.0,Rs. 434.0,22.0,25842,11070911.5,412.0,5.34,"11 June, 2023"
GVL,Green Ventures Limited,271,Rs. 435.0,Rs. 426.3,Rs. 431.0,-3.0,28783,12370163.5,434.0,-0.69,"12 June, 2023"
GVL,Green Ventures Limited,465,Rs. 448.9,Rs. 429.0,Rs. 444.9,13.9,57314,25268288.9,431.0,3.23,"13 June, 2023"
GVL,Green Ventures Limited,377,Rs. 451.0,Rs. 433.0,Rs. 444.8,-0.1,68979,30620631.6,444.9,-0.02,"14 June, 2023"
GVL,Green Ventures Limited,308,Rs. 452.0,Rs. 435.0,Rs. 444.0,-0.8,24762,10935689.8,444.8,-0.18,"15 June, 2023"
GVL,Green Ventures Limited,469,Rs. 488.4,Rs. 436.0,Rs. 488.4,44.4,39960,18142255.6,444.0,10.0,"18 June, 2023"
GVL,Green Ventures Limited,352,Rs. 481.2,Rs. 465.0,Rs. 469.0,-19.4,59754,28239992.8,488.4,-3.97,"19 June, 2023"
GVL,Green Ventures Limited,283,Rs. 487.0,Rs. 445.9,Rs. 487.0,18.0,43418,19973984.2,469.0,3.84,"20 June, 2023"
GVL,Green Ventures Limited,345,Rs. 477.3,Rs. 446.0,Rs. 453.0,-34.0,41367,18937030.6,487.0,-6.98,"21 June, 2023"
GVL,Green Ventures Limited,261,Rs. 461.0,Rs. 431.1,Rs. 438.0,-15.0,23136,10190225.4,453.0,-3.31,"22 June, 2023"
GVL,Green Ventures Limited,352,Rs. 458.5,Rs. 433.0,Rs. 451.0,13.0,16505,7402573.0,438.0,2.97,"25 June, 2023"
GVL,Green Ventures Limited,284,Rs. 460.0,Rs. 435.0,Rs. 440.0,-11.0,28501,12614750.2,451.0,-2.44,"26 June, 2023"
GVL,Green Ventures Limited,319,Rs. 445.9,Rs. 431.2,Rs. 440.0,0.0,16686,7324894.9,440.0,0.0,"27 June, 2023"
GVL,Green Ventures Limited,260,Rs. 448.8,Rs. 426.1,Rs. 427.0,-13.0,16976,7357111.5,440.0,-2.95,"28 June, 2023"
GVL,Green Ventures Limited,313,Rs. 435.0,Rs. 418.0,Rs. 424.0,-3.0,17564,7442720.7,427.0,-0.7,"02 July, 2023"
GVL,Green Ventures Limited,285,Rs. 424.0,Rs. 410.0,Rs. 411.9,-12.1,17997,7501007.5,424.0,-2.85,"03 July, 2023"
GVL,Green Ventures Limited,231,Rs. 419.1,Rs. 406.1,Rs. 419.0,7.1,16726,6937500.0,411.9,1.72,"04 July, 2023"
GVL,Green Ventures Limited,0,Rs. 420.0,Rs. 415.0,Rs. 415.1,-3.9,970,403304.0,419.0,-0.93,"05 July, 2023"
GVL,Green Ventures Limited,0,Rs. 410.0,Rs. 398.1,Rs. 400.1,0.1,4695,1886522.0,400.0,0.03,"06 July, 2023"
GVL,Green Ventures Limited,211,Rs. 420.4,Rs. 400.0,Rs. 408.0,3.0,12670,5157092.4,405.0,0.74,"09 July, 2023"
GVL,Green Ventures Limited,302,Rs. 418.2,Rs. 397.0,Rs. 399.0,-9.0,24199,9742426.2,408.0,-2.21,"10 July, 2023"
GVL,Green Ventures Limited,236,Rs. 405.0,Rs. 390.0,Rs. 390.1,-8.9,19717,7780972.8,399.0,-2.23,"11 July, 2023"
GVL,Green Ventures Limited,261,Rs. 417.0,Rs. 386.1,Rs. 407.7,17.6,9012,3649312.0,390.1,4.51,"12 July, 2023"
GVL,Green Ventures Limited,259,Rs. 420.0,Rs. 388.1,Rs. 388.1,-19.6,35064,14131749.4,407.7,-4.81,"13 July, 2023"
GVL,Green Ventures Limited,262,Rs. 412.0,Rs. 384.1,Rs. 412.0,27.0,16228,6520891.8,385.0,7.01,"17 July, 2023"
GVL,Green Ventures Limited,201,Rs. 418.0,Rs. 397.0,Rs. 399.0,-13.0,13734,5538005.3,412.0,-3.16,"18 July, 2023"
GVL,Green Ventures Limited,184,Rs. 409.9,Rs. 393.1,Rs. 399.9,0.9,6987,2796191.6,399.0,0.23,"19 July, 2023"
GVL,Green Ventures Limited,229,Rs. 409.0,Rs. 396.0,Rs. 400.0,0.1,12450,5012903.0,399.9,0.03,"20 July, 2023"
GVL,Green Ventures Limited,285,Rs. 408.0,Rs. 394.1,Rs. 404.9,4.9,16900,6772678.0,400.0,1.23,"23 July, 2023"
GVL,Green Ventures Limited,216,Rs. 412.9,Rs. 397.0,Rs. 403.0,-1.9,12392,5004057.1,404.9,-0.47,"24 July, 2023"
GVL,Green Ventures Limited,177,Rs. 404.9,Rs. 392.1,Rs. 399.0,-4.0,9773,3889049.3,403.0,-0.99,"25 July, 2023"
GVL,Green Ventures Limited,134,Rs. 406.5,Rs. 392.0,Rs. 397.7,-1.3,6105,2431585.5,399.0,-0.33,"26 July, 2023"
GVL,Green Ventures Limited,187,Rs. 403.0,Rs. 389.7,Rs. 390.0,-7.7,14652,5762326.0,397.7,-1.94,"27 July, 2023"
GVL,Green Ventures Limited,151,Rs. 395.0,Rs. 379.3,Rs. 385.0,-5.0,21116,8157460.0,390.0,-1.28,"30 July, 2023"
GVL,Green Ventures Limited,215,Rs. 393.7,Rs. 380.0,Rs. 381.0,-4.0,12292,4776209.8,385.0,-1.04,"31 July, 2023"
GVL,Green Ventures Limited,223,Rs. 390.8,Rs. 365.1,Rs. 365.1,-15.9,15082,5649372.0,381.0,-4.17,"01 August, 2023"
GVL,Green Ventures Limited,164,Rs. 372.7,Rs. 365.0,Rs. 372.6,7.5,8268,3038065.0,365.1,2.05,"02 August, 2023"
GVL,Green Ventures Limited,219,Rs. 379.8,Rs. 366.0,Rs. 368.0,-4.6,11195,4171331.9,372.6,-1.23,"03 August, 2023"
GVL,Green Ventures Limited,195,Rs. 372.1,Rs. 356.0,Rs. 360.0,-8.0,9332,3366561.8,368.0,-2.17,"06 August, 2023"
GVL,Green Ventures Limited,194,Rs. 365.3,Rs. 354.0,Rs. 360.0,0.0,4200,1519026.0,360.0,0.0,"07 August, 2023"
GVL,Green Ventures Limited,238,Rs. 367.0,Rs. 349.0,Rs. 350.0,-10.0,9920,3535284.0,360.0,-2.78,"08 August, 2023"
GVL,Green Ventures Limited,195,Rs. 365.0,Rs. 348.0,Rs. 365.0,15.0,5160,1838969.0,350.0,4.29,"09 August, 2023"
GVL,Green Ventures Limited,209,Rs. 371.2,Rs. 351.1,Rs. 369.9,4.9,13045,4778348.8,365.0,1.34,"10 August, 2023"
GVL,Green Ventures Limited,239,Rs. 387.0,Rs. 355.8,Rs. 384.9,15.0,6317,2337972.4,369.9,4.06,"13 August, 2023"
GVL,Green Ventures Limited,246,Rs. 380.4,Rs. 368.6,Rs. 373.0,-11.9,9144,3431994.5,384.9,-3.09,"14 August, 2023"
GVL,Green Ventures Limited,157,Rs. 372.3,Rs. 355.8,Rs. 355.8,-17.2,8263,2983591.0,373.0,-4.61,"15 August, 2023"
GVL,Green Ventures Limited,144,Rs. 358.1,Rs. 350.0,Rs. 352.1,-3.7,8253,2923247.8,355.8,-1.04,"16 August, 2023"
GVL,Green Ventures Limited,190,Rs. 378.0,Rs. 350.0,Rs. 359.0,6.9,7128,2591422.2,352.1,1.96,"17 August, 2023"
GVL,Green Ventures Limited,132,Rs. 360.0,Rs. 355.0,Rs. 356.0,-3.0,2970,1056272.5,359.0,-0.84,"20 August, 2023"
GVL,Green Ventures Limited,158,Rs. 356.0,Rs. 347.0,Rs. 352.0,-4.0,7581,2663369.1,356.0,-1.12,"21 August, 2023"
GVL,Green Ventures Limited,138,Rs. 356.1,Rs. 345.0,Rs. 356.1,4.1,2425,854070.5,352.0,1.16,"22 August, 2023"
GVL,Green Ventures Limited,350,Rs. 375.0,Rs. 363.0,Rs. 373.0,16.9,21395,7902951.4,356.1,4.75,"23 August, 2023"
GVL,Green Ventures Limited,212,Rs. 378.0,Rs. 353.1,Rs. 355.0,-18.0,11193,4074757.7,373.0,-4.83,"24 August, 2023"
GVL,Green Ventures Limited,225,Rs. 360.0,Rs. 350.0,Rs. 352.0,-3.0,6523,2302715.8,355.0,-0.85,"27 August, 2023"
GVL,Green Ventures Limited,192,Rs. 355.0,Rs. 345.0,Rs. 354.0,2.0,11885,4147469.0,352.0,0.57,"28 August, 2023"
GVL,Green Ventures Limited,0,Rs. 353.0,Rs. 345.1,Rs. 351.0,-3.0,5215,1823608.0,354.0,-0.85,"29 August, 2023"
GVL,Green Ventures Limited,166,Rs. 351.0,Rs. 342.2,Rs. 346.0,-5.0,5781,1993668.0,351.0,-1.42,"30 August, 2023"
GVL,Green Ventures Limited,280,Rs. 346.0,Rs. 315.6,Rs. 315.6,-30.4,31368,10348887.0,346.0,-8.79,"03 September, 2023"
GVL,Green Ventures Limited,359,Rs. 347.0,Rs. 299.9,Rs. 347.0,31.4,50450,15641256.7,315.6,9.95,"04 September, 2023"
GVL,Green Ventures Limited,298,Rs. 368.1,Rs. 321.0,Rs. 332.0,-15.0,24555,8136205.7,347.0,-4.32,"05 September, 2023"
GVL,Green Ventures Limited,148,Rs. 326.5,Rs. 319.0,Rs. 319.1,-12.9,8662,2775120.0,332.0,-3.89,"07 September, 2023"
GVL,Green Ventures Limited,189,Rs. 325.9,Rs. 313.0,Rs. 321.0,1.9,8776,2817295.8,319.1,0.6,"10 September, 2023"
GVL,Green Ventures Limited,180,Rs. 330.6,Rs. 316.0,Rs. 330.0,9.0,8900,2897936.8,321.0,2.8,"11 September, 2023"
GVL,Green Ventures Limited,100,Rs. 330.0,Rs. 319.0,Rs. 319.0,-11.0,3995,1288287.0,330.0,-3.33,"12 September, 2023"
GVL,Green Ventures Limited,192,Rs. 335.0,Rs. 316.0,Rs. 335.0,16.0,11088,3647264.2,319.0,5.02,"13 September, 2023"
GVL,Green Ventures Limited,152,Rs. 333.0,Rs. 322.1,Rs. 325.0,-10.0,11144,3645288.3,335.0,-2.99,"17 September, 2023"
GVL,Green Ventures Limited,118,Rs. 353.0,Rs. 319.2,Rs. 350.0,25.0,6570,2178973.0,325.0,7.69,"18 September, 2023"
GVL,Green Ventures Limited,255,Rs. 354.8,Rs. 326.1,Rs. 347.0,-3.0,18948,6509900.9,350.0,-0.86,"19 September, 2023"
GVL,Green Ventures Limited,501,Rs. 381.7,Rs. 344.2,Rs. 376.4,29.4,43583,16256559.7,347.0,8.47,"21 September, 2023"
GVL,Green Ventures Limited,257,Rs. 376.0,Rs. 360.0,Rs. 364.0,-12.4,19102,6992292.5,376.4,-3.29,"24 September, 2023"
GVL,Green Ventures Limited,347,Rs. 389.6,Rs. 350.6,Rs. 375.0,11.0,48776,18533550.2,364.0,3.02,"25 September, 2023"
GVL,Green Ventures Limited,339,Rs. 393.0,Rs. 372.0,Rs. 389.0,14.0,20679,7956758.0,375.0,3.73,"26 September, 2023"
GVL,Green Ventures Limited,223,Rs. 387.0,Rs. 371.0,Rs. 379.9,-9.1,16772,6320720.2,389.0,-2.34,"27 September, 2023"
GVL,Green Ventures Limited,226,Rs. 377.4,Rs. 362.0,Rs. 365.5,-14.4,13966,5127359.0,379.9,-3.79,"01 October, 2023"
GVL,Green Ventures Limited,242,Rs. 387.6,Rs. 352.0,Rs. 362.0,-3.5,9735,3532435.6,365.5,-0.96,"02 October, 2023"
GVL,Green Ventures Limited,179,Rs. 362.0,Rs. 355.0,Rs. 357.0,-5.0,7577,2722102.0,362.0,-1.38,"03 October, 2023"
GVL,Green Ventures Limited,308,Rs. 379.3,Rs. 355.1,Rs. 374.0,17.0,14985,5555985.0,357.0,4.76,"04 October, 2023"
GVL,Green Ventures Limited,181,Rs. 374.0,Rs. 363.0,Rs. 369.0,-5.0,10438,3837378.4,374.0,-1.34,"05 October, 2023"
GVL,Green Ventures Limited,249,Rs. 364.5,Rs. 350.0,Rs. 360.0,-9.0,44966,15975692.2,369.0,-2.44,"08 October, 2023"
GVL,Green Ventures Limited,206,Rs. 361.1,Rs. 348.1,Rs. 353.1,-6.9,15953,5665538.1,360.0,-1.92,"09 October, 2023"
GVL,Green Ventures Limited,189,Rs. 354.0,Rs. 342.0,Rs. 350.0,-3.1,10458,3616138.5,353.1,-0.88,"10 October, 2023"
GVL,Green Ventures Limited,175,Rs. 358.0,Rs. 338.0,Rs. 349.0,-1.0,6398,2232660.6,350.0,-0.29,"11 October, 2023"
GVL,Green Ventures Limited,255,Rs. 345.0,Rs. 336.0,Rs. 338.2,-10.8,15097,5109238.0,349.0,-3.09,"12 October, 2023"
GVL,Green Ventures Limited,183,Rs. 360.9,Rs. 328.0,Rs. 360.9,19.4,11674,4037399.0,341.5,5.68,"22 November, 2023"
GVL,Green Ventures Limited,160,Rs. 368.1,Rs. 348.1,Rs. 361.3,0.4,11876,4270227.3,360.9,0.11,"23 November, 2023"
GVL,Green Ventures Limited,123,Rs. 351.0,Rs. 340.6,Rs. 350.0,4.0,4316,1502539.0,346.0,1.16,"03 December, 2023"
GVL,Green Ventures Limited,158,Rs. 368.2,Rs. 343.1,Rs. 350.0,0.0,21435,7546841.2,350.0,0.0,"04 December, 2023"
GVL,Green Ventures Limited,119,Rs. 355.0,Rs. 343.0,Rs. 343.0,-7.0,7740,2684554.8,350.0,-2.0,"05 December, 2023"
GVL,Green Ventures Limited,126,Rs. 352.9,Rs. 337.3,Rs. 349.9,6.9,8152,2840994.9,343.0,2.01,"06 December, 2023"
GVL,Green Ventures Limited,150,Rs. 358.0,Rs. 343.0,Rs. 351.0,1.1,9596,3379510.8,349.9,0.31,"07 December, 2023"
GVL,Green Ventures Limited,8,Rs. 385.0,Rs. 358.0,Rs. 379.4,28.4,650,243039.0,351.0,8.09,"10 December, 2023"
GVL,Green Ventures Limited,349,Rs. 385.0,Rs. 359.1,Rs. 365.0,-14.4,37895,13939750.4,379.4,-3.8,"11 December, 2023"
GVL,Green Ventures Limited,297,Rs. 377.0,Rs. 365.0,Rs. 371.0,6.0,31938,11834377.0,365.0,1.64,"12 December, 2023"
GVL,Green Ventures Limited,386,Rs. 395.4,Rs. 375.3,Rs. 384.0,13.0,48848,18781697.6,371.0,3.5,"13 December, 2023"
GVL,Green Ventures Limited,500,Rs. 410.0,Rs. 378.1,Rs. 401.9,17.9,57089,22716548.4,384.0,4.66,"14 December, 2023"
GVL,Green Ventures Limited,605,Rs. 430.0,Rs. 389.0,Rs. 423.0,21.1,67145,27745267.5,401.9,5.25,"17 December, 2023"
GVL,Green Ventures Limited,531,Rs. 433.0,Rs. 406.7,Rs. 417.0,-6.0,74836,31522899.8,423.0,-1.42,"18 December, 2023"
GVL,Green Ventures Limited,381,Rs. 421.7,Rs. 405.9,Rs. 420.0,3.0,27371,11281498.0,417.0,0.72,"19 December, 2023"
GVL,Green Ventures Limited,513,Rs. 462.0,Rs. 415.0,Rs. 435.0,15.0,49988,21418948.5,420.0,3.57,"20 December, 2023"
GVL,Green Ventures Limited,423,Rs. 438.0,Rs. 416.6,Rs. 419.0,-16.0,43748,18582566.8,435.0,-3.68,"21 December, 2023"
GVL,Green Ventures Limited,684,Rs. 445.0,Rs. 412.0,Rs. 423.0,4.0,75865,32770666.2,419.0,0.95,"24 December, 2023"
GVL,Green Ventures Limited,496,Rs. 438.0,Rs. 422.5,Rs. 425.0,2.0,35455,15203153.1,423.0,0.47,"27 December, 2023"
GVL,Green Ventures Limited,564,Rs. 462.3,Rs. 416.0,Rs. 421.3,-3.7,51254,21743401.4,425.0,-0.87,"28 December, 2023"
GVL,Green Ventures Limited,478,Rs. 432.0,Rs. 415.5,Rs. 418.5,-2.8,56452,24041852.6,421.3,-0.66,"01 January, 2024"
GVL,Green Ventures Limited,399,Rs. 425.0,Rs. 411.8,Rs. 414.5,-4.0,40170,16780446.2,418.5,-0.96,"02 January, 2024"
GVL,Green Ventures Limited,388,Rs. 430.0,Rs. 408.0,Rs. 426.0,11.5,25708,10863584.6,414.5,2.77,"03 January, 2024"
GVL,Green Ventures Limited,579,Rs. 441.6,Rs. 420.2,Rs. 430.0,4.0,61958,26952034.4,426.0,0.94,"04 January, 2024"
GVL,Green Ventures Limited,584,Rs. 443.0,Rs. 422.0,Rs. 435.0,5.0,58410,25460283.5,430.0,1.16,"07 January, 2024"
GVL,Green Ventures Limited,835,Rs. 471.0,Rs. 427.1,Rs. 467.8,32.8,109929,49765835.7,435.0,7.54,"08 January, 2024"
GVL,Green Ventures Limited,636,Rs. 476.0,Rs. 450.0,Rs. 467.0,18.6,101998,47313673.8,448.4,4.15,"10 January, 2024"
GVL,Green Ventures Limited,312,Rs. 480.0,Rs. 465.0,Rs. 470.0,3.0,20014,9413883.7,467.0,0.64,"11 January, 2024"
GVL,Green Ventures Limited,427,Rs. 480.0,Rs. 455.0,Rs. 466.0,-4.0,45805,21605604.3,470.0,-0.85,"14 January, 2024"
GVL,Green Ventures Limited,870,Rs. 498.0,Rs. 469.0,Rs. 488.0,22.0,134648,65272758.8,466.0,4.72,"16 January, 2024"
GVL,Green Ventures Limited,687,Rs. 490.0,Rs. 458.7,Rs. 475.0,-13.0,95493,45325082.4,488.0,-2.66,"17 January, 2024"
GVL,Green Ventures Limited,556,Rs. 485.0,Rs. 456.0,Rs. 477.0,2.0,27751,13089579.8,475.0,0.42,"18 January, 2024"
GVL,Green Ventures Limited,668,Rs. 488.0,Rs. 460.0,Rs. 469.0,-8.0,87968,41702970.8,477.0,-1.68,"21 January, 2024"
GVL,Green Ventures Limited,461,Rs. 468.0,Rs. 448.0,Rs. 462.0,-7.0,37231,16935055.3,469.0,-1.49,"22 January, 2024"
GVL,Green Ventures Limited,323,Rs. 468.0,Rs. 447.9,Rs. 459.0,-3.0,15997,7245621.8,462.0,-0.65,"23 January, 2024"
GVL,Green Ventures Limited,308,Rs. 464.0,Rs. 446.0,Rs. 450.0,-9.0,16920,7664266.3,459.0,-1.96,"24 January, 2024"
GVL,Green Ventures Limited,315,Rs. 452.0,Rs. 433.7,Rs. 446.8,-3.2,19194,8450528.8,450.0,-0.71,"25 January, 2024"
GVL,Green Ventures Limited,325,Rs. 455.7,Rs. 438.2,Rs. 450.0,3.2,14778,6583870.0,446.8,0.72,"28 January, 2024"
GVL,Green Ventures Limited,442,Rs. 466.7,Rs. 444.0,Rs. 458.0,8.0,27008,12313546.7,450.0,1.78,"29 January, 2024"
GVL,Green Ventures Limited,403,Rs. 465.0,Rs. 448.9,Rs. 454.0,-4.0,28991,13291090.0,458.0,-0.87,"30 January, 2024"
GVL,Green Ventures Limited,310,Rs. 481.6,Rs. 448.0,Rs. 454.0,0.0,17672,8095830.1,454.0,0.0,"31 January, 2024"
GVL,Green Ventures Limited,258,Rs. 463.0,Rs. 440.0,Rs. 445.0,-9.0,18964,8454591.6,454.0,-1.98,"01 February, 2024"
GVL,Green Ventures Limited,232,Rs. 445.9,Rs. 437.0,Rs. 438.3,-6.7,10039,4426149.3,445.0,-1.51,"04 February, 2024"
GVL,Green Ventures Limited,248,Rs. 447.0,Rs. 438.1,Rs. 445.0,6.7,11499,5087216.0,438.3,1.53,"05 February, 2024"
GVL,Green Ventures Limited,260,Rs. 464.1,Rs. 438.0,Rs. 450.0,5.0,9982,4477477.0,445.0,1.12,"06 February, 2024"
GVL,Green Ventures Limited,220,Rs. 468.0,Rs. 446.2,Rs. 451.0,1.0,7972,3604699.7,450.0,0.22,"07 February, 2024"
GVL,Green Ventures Limited,402,Rs. 464.1,Rs. 445.0,Rs. 464.0,13.0,33502,15385349.6,451.0,2.88,"08 February, 2024"
GVL,Green Ventures Limited,309,Rs. 482.6,Rs. 462.0,Rs. 466.9,2.9,24069,11274218.0,464.0,0.62,"11 February, 2024"
GVL,Green Ventures Limited,443,Rs. 476.0,Rs. 457.6,Rs. 476.0,9.1,36277,17046732.6,466.9,1.95,"12 February, 2024"
GVL,Green Ventures Limited,349,Rs. 479.9,Rs. 458.0,Rs. 463.0,-13.0,54745,25791421.5,476.0,-2.73,"13 February, 2024"
GVL,Green Ventures Limited,200,Rs. 471.0,Rs. 454.0,Rs. 458.3,-4.7,15606,7199511.8,463.0,-1.02,"14 February, 2024"
GVL,Green Ventures Limited,384,Rs. 479.0,Rs. 450.1,Rs. 467.9,9.6,26402,12393950.2,458.3,2.09,"15 February, 2024"
GVL,Green Ventures Limited,269,Rs. 460.0,Rs. 449.2,Rs. 451.0,-16.9,20393,9252445.5,467.9,-3.61,"18 February, 2024"
GVL,Green Ventures Limited,302,Rs. 460.0,Rs. 442.1,Rs. 445.3,-5.7,7486,3362480.9,451.0,-1.26,"20 February, 2024"
GVL,Green Ventures Limited,276,Rs. 463.0,Rs. 436.2,Rs. 448.0,2.7,16911,7459464.2,445.3,0.61,"21 February, 2024"
GVL,Green Ventures Limited,294,Rs. 455.9,Rs. 430.0,Rs. 430.0,-18.0,15736,6848285.7,448.0,-4.02,"22 February, 2024"
GVL,Green Ventures Limited,244,Rs. 431.9,Rs. 418.9,Rs. 418.9,-11.1,9899,4204246.8,430.0,-2.58,"25 February, 2024"
GVL,Green Ventures Limited,241,Rs. 443.7,Rs. 412.0,Rs. 431.0,12.1,10474,4538686.0,418.9,2.89,"26 February, 2024"
GVL,Green Ventures Limited,156,Rs. 437.0,Rs. 425.0,Rs. 434.9,3.9,6927,2975484.0,431.0,0.9,"27 February, 2024"
GVL,Green Ventures Limited,113,Rs. 432.7,Rs. 425.0,Rs. 426.6,-8.3,5715,2438336.2,434.9,-1.91,"28 February, 2024"
GVL,Green Ventures Limited,134,Rs. 442.0,Rs. 416.0,Rs. 416.0,-10.6,8826,3703312.0,426.6,-2.48,"29 February, 2024"
GVL,Green Ventures Limited,178,Rs. 418.0,Rs. 408.0,Rs. 414.0,-2.0,9604,3961536.6,416.0,-0.48,"03 March, 2024"
GVL,Green Ventures Limited,11,Rs. 455.0,Rs. 412.0,Rs. 455.0,41.0,1730,770928.3,414.0,9.9,"04 March, 2024"
GVL,Green Ventures Limited,213,Rs. 457.0,Rs. 426.4,Rs. 430.0,-25.0,18395,8080026.4,455.0,-5.49,"05 March, 2024"
GVL,Green Ventures Limited,192,Rs. 443.0,Rs. 423.0,Rs. 435.0,5.0,13051,5636923.9,430.0,1.16,"06 March, 2024"
GVL,Green Ventures Limited,140,Rs. 443.5,Rs. 433.0,Rs. 435.0,0.0,6490,2837089.0,435.0,0.0,"07 March, 2024"
GVL,Green Ventures Limited,175,Rs. 443.0,Rs. 427.2,Rs. 440.0,5.0,13400,5846665.7,435.0,1.15,"10 March, 2024"
GVL,Green Ventures Limited,240,Rs. 448.7,Rs. 436.0,Rs. 447.0,7.0,9110,4026431.8,440.0,1.59,"12 March, 2024"
GVL,Green Ventures Limited,174,Rs. 447.9,Rs. 438.0,Rs. 447.9,0.9,9518,4215044.1,447.0,0.2,"13 March, 2024"
GVL,Green Ventures Limited,138,Rs. 447.6,Rs. 434.0,Rs. 443.5,-4.4,4334,1917989.2,447.9,-0.98,"14 March, 2024"
GVL,Green Ventures Limited,178,Rs. 443.0,Rs. 432.4,Rs. 439.0,-4.5,6000,2619299.5,443.5,-1.01,"17 March, 2024"
GVL,Green Ventures Limited,176,Rs. 447.0,Rs. 431.0,Rs. 441.7,2.7,7646,3329693.5,439.0,0.62,"18 March, 2024"
GVL,Green Ventures Limited,139,Rs. 445.0,Rs. 433.0,Rs. 440.0,-1.7,4044,1772764.2,441.7,-0.38,"19 March, 2024"
GVL,Green Ventures Limited,129,Rs. 436.0,Rs. 429.0,Rs. 429.0,-11.0,8758,3800000.7,440.0,-2.5,"20 March, 2024"
GVL,Green Ventures Limited,133,Rs. 437.5,Rs. 421.3,Rs. 427.5,-1.5,8793,3767240.5,429.0,-0.35,"21 March, 2024"
GVL,Green Ventures Limited,89,Rs. 427.4,Rs. 419.1,Rs. 420.0,-7.5,5695,2401241.0,427.5,-1.75,"25 March, 2024"
GVL,Green Ventures Limited,156,Rs. 431.9,Rs. 413.0,Rs. 425.1,5.1,3605,1532759.0,420.0,1.21,"26 March, 2024"
GVL,Green Ventures Limited,150,Rs. 434.0,Rs. 420.0,Rs. 425.0,-0.1,6569,2797733.0,425.1,-0.02,"27 March, 2024"
GVL,Green Ventures Limited,153,Rs. 433.5,Rs. 418.1,Rs. 423.9,-1.1,9288,3913152.3,425.0,-0.26,"28 March, 2024"
GVL,Green Ventures Limited,149,Rs. 432.0,Rs. 417.1,Rs. 424.3,0.4,2763,1168326.5,423.9,0.09,"31 March, 2024"
GVL,Green Ventures Limited,190,Rs. 429.4,Rs. 415.0,Rs. 419.9,-4.4,14535,6085394.4,424.3,-1.04,"01 April, 2024"
GVL,Green Ventures Limited,137,Rs. 428.0,Rs. 416.0,Rs. 422.6,2.7,9074,3810090.8,419.9,0.64,"02 April, 2024"
GVL,Green Ventures Limited,143,Rs. 425.5,Rs. 414.7,Rs. 419.9,-2.7,8187,3427271.5,422.6,-0.64,"03 April, 2024"
GVL,Green Ventures Limited,144,Rs. 421.0,Rs. 412.1,Rs. 419.3,-0.6,8029,3365048.4,419.9,-0.14,"04 April, 2024"
GVL,Green Ventures Limited,151,Rs. 424.3,Rs. 416.0,Rs. 421.1,1.8,9129,3821396.9,419.3,0.43,"07 April, 2024"
GVL,Green Ventures Limited,228,Rs. 432.0,Rs. 421.0,Rs. 424.0,2.9,8558,3651814.0,421.1,0.69,"09 April, 2024"
GVL,Green Ventures Limited,179,Rs. 435.0,Rs. 420.0,Rs. 433.0,9.0,5960,2560682.9,424.0,2.12,"10 April, 2024"
GVL,Green Ventures Limited,193,Rs. 441.0,Rs. 424.5,Rs. 429.1,-3.9,12608,5497227.2,433.0,-0.9,"14 April, 2024"
GVL,Green Ventures Limited,145,Rs. 438.9,Rs. 419.5,Rs. 427.5,-1.6,14378,6158936.5,429.1,-0.37,"15 April, 2024"
GVL,Green Ventures Limited,100,Rs. 430.0,Rs. 419.0,Rs. 423.0,-4.5,7081,2995701.1,427.5,-1.05,"16 April, 2024"
GVL,Green Ventures Limited,101,Rs. 424.9,Rs. 415.1,Rs. 419.0,-4.0,12724,5319750.3,423.0,-0.95,"18 April, 2024"
GVL,Green Ventures Limited,124,Rs. 428.0,Rs. 412.1,Rs. 428.0,9.0,5998,2515272.0,419.0,2.15,"21 April, 2024"
GVL,Green Ventures Limited,110,Rs. 428.0,Rs. 415.0,Rs. 424.0,-4.0,8216,3463893.4,428.0,-0.93,"22 April, 2024"
GVL,Green Ventures Limited,84,Rs. 427.8,Rs. 415.6,Rs. 420.0,-4.0,1890,791640.0,424.0,-0.94,"24 April, 2024"
GVL,Green Ventures Limited,108,Rs. 420.0,Rs. 413.0,Rs. 420.0,0.0,3956,1644912.6,420.0,0.0,"25 April, 2024"
GVL,Green Ventures Limited,143,Rs. 428.0,Rs. 407.7,Rs. 415.0,-5.0,10195,4223427.5,420.0,-1.19,"28 April, 2024"
GVL,Green Ventures Limited,121,Rs. 419.0,Rs. 410.2,Rs. 410.3,-4.7,3324,1371251.2,415.0,-1.13,"29 April, 2024"
GVL,Green Ventures Limited,220,Rs. 426.0,Rs. 402.4,Rs. 414.0,3.7,17671,7328366.6,410.3,0.9,"30 April, 2024"
GVL,Green Ventures Limited,126,Rs. 422.2,Rs. 413.8,Rs. 420.0,6.0,5251,2196913.2,414.0,1.45,"02 May, 2024"
GVL,Green Ventures Limited,204,Rs. 435.0,Rs. 419.9,Rs. 431.0,11.0,20569,8818677.2,420.0,2.62,"06 May, 2024"
GVL,Green Ventures Limited,160,Rs. 437.9,Rs. 423.1,Rs. 435.0,4.0,15863,6900796.4,431.0,0.93,"07 May, 2024"
GVL,Green Ventures Limited,151,Rs. 443.0,Rs. 426.3,Rs. 443.0,8.0,10463,4583660.0,435.0,1.84,"08 May, 2024"
GVL,Green Ventures Limited,174,Rs. 450.0,Rs. 441.2,Rs. 441.9,-1.1,23718,10545515.0,443.0,-0.25,"09 May, 2024"
GVL,Green Ventures Limited,140,Rs. 440.0,Rs. 429.0,Rs. 438.0,-3.9,8216,3567432.0,441.9,-0.88,"12 May, 2024"
GVL,Green Ventures Limited,73,Rs. 444.9,Rs. 428.0,Rs. 434.0,-4.0,3170,1365975.0,438.0,-0.91,"13 May, 2024"
GVL,Green Ventures Limited,322,Rs. 453.0,Rs. 433.5,Rs. 452.0,18.0,32158,14418529.3,434.0,4.15,"14 May, 2024"
GVL,Green Ventures Limited,116,Rs. 460.0,Rs. 441.4,Rs. 444.0,-8.0,4360,1957994.0,452.0,-1.77,"15 May, 2024"
GVL,Green Ventures Limited,112,Rs. 449.0,Rs. 436.7,Rs. 441.5,-2.5,8287,3658064.0,444.0,-0.56,"16 May, 2024"
GVL,Green Ventures Limited,170,Rs. 450.3,Rs. 432.7,Rs. 446.0,4.5,8469,3761876.9,441.5,1.02,"19 May, 2024"
GVL,Green Ventures Limited,186,Rs. 460.0,Rs. 440.0,Rs. 449.0,3.0,10357,4658785.5,446.0,0.67,"20 May, 2024"
GVL,Green Ventures Limited,241,Rs. 458.0,Rs. 445.0,Rs. 454.8,5.8,18404,8350633.5,449.0,1.29,"21 May, 2024"
GVL,Green Ventures Limited,176,Rs. 456.0,Rs. 444.0,Rs. 444.0,-10.8,12634,5691836.4,454.8,-2.37,"22 May, 2024"
GVL,Green Ventures Limited,242,Rs. 444.0,Rs. 427.5,Rs. 438.0,-6.0,18263,7909103.1,444.0,-1.35,"26 May, 2024"
GVL,Green Ventures Limited,228,Rs. 440.0,Rs. 430.0,Rs. 439.0,1.0,12196,5280255.0,438.0,0.23,"27 May, 2024"
GVL,Green Ventures Limited,265,Rs. 455.0,Rs. 433.2,Rs. 435.0,-4.0,23857,10552349.8,439.0,-0.91,"29 May, 2024"
GVL,Green Ventures Limited,279,Rs. 465.0,Rs. 427.0,Rs. 465.0,30.0,25974,11589521.0,435.0,6.9,"30 May, 2024"
GVL,Green Ventures Limited,778,Rs. 485.0,Rs. 452.1,Rs. 485.0,20.0,96453,45791763.7,465.0,4.3,"02 June, 2024"
GVL,Green Ventures Limited,1230,Rs. 508.6,Rs. 475.3,Rs. 508.0,23.0,249198,124066630.0,485.0,4.74,"03 June, 2024"
GVL,Green Ventures Limited,615,Rs. 518.0,Rs. 496.9,Rs. 497.0,-11.0,90506,45830518.7,508.0,-2.17,"04 June, 2024"
GVL,Green Ventures Limited,387,Rs. 502.8,Rs. 486.0,Rs. 500.0,3.0,54126,26721620.6,497.0,0.6,"05 June, 2024"
GVL,Green Ventures Limited,503,Rs. 506.9,Rs. 491.1,Rs. 505.0,5.0,75393,37577642.7,500.0,1.0,"06 June, 2024"
GVL,Green Ventures Limited,419,Rs. 508.0,Rs. 488.0,Rs. 499.0,-6.0,85895,42437407.0,505.0,-1.19,"09 June, 2024"
GVL,Green Ventures Limited,1015,Rs. 533.0,Rs. 497.0,Rs. 533.0,34.0,175272,90279019.8,499.0,6.81,"10 June, 2024"
GVL,Green Ventures Limited,1014,Rs. 586.3,Rs. 515.0,Rs. 586.3,53.3,145197,81300823.9,533.0,10.0,"11 June, 2024"
GVL,Green Ventures Limited,532,Rs. 598.0,Rs. 561.0,Rs. 570.0,-16.3,75113,42631779.2,586.3,-2.78,"12 June, 2024"
GVL,Green Ventures Limited,504,Rs. 575.0,Rs. 558.7,Rs. 562.2,-7.8,69322,39285685.8,570.0,-1.37,"13 June, 2024"
GVL,Green Ventures Limited,445,Rs. 572.0,Rs. 546.0,Rs. 555.0,-7.2,57237,32200013.0,562.2,-1.28,"16 June, 2024"
GVL,Green Ventures Limited,373,Rs. 565.0,Rs. 544.0,Rs. 548.8,-6.2,41662,22942326.5,555.0,-1.12,"18 June, 2024"
GVL,Green Ventures Limited,312,Rs. 560.0,Rs. 545.0,Rs. 550.0,1.2,29297,16169732.1,548.8,0.22,"19 June, 2024"
GVL,Green Ventures Limited,368,Rs. 578.0,Rs. 545.2,Rs. 578.0,28.0,63470,35156387.2,550.0,5.09,"20 June, 2024"
GVL,Green Ventures Limited,367,Rs. 580.0,Rs. 557.1,Rs. 565.0,-13.0,60584,34358482.5,578.0,-2.25,"23 June, 2024"
GVL,Green Ventures Limited,847,Rs. 596.8,Rs. 554.0,Rs. 596.0,31.0,136034,79422401.7,565.0,5.49,"24 June, 2024"
GVL,Green Ventures Limited,429,Rs. 605.0,Rs. 587.0,Rs. 597.0,1.0,86635,51353255.0,596.0,0.17,"25 June, 2024"
GVL,Green Ventures Limited,649,Rs. 609.5,Rs. 585.2,Rs. 609.5,12.5,111110,66545359.3,597.0,2.09,"26 June, 2024"
GVL,Green Ventures Limited,391,Rs. 624.0,Rs. 595.0,Rs. 608.0,-1.5,39005,23445911.2,609.5,-0.25,"27 June, 2024"
GVL,Green Ventures Limited,233,Rs. 605.0,Rs. 582.2,Rs. 582.2,-25.8,33132,19561835.3,608.0,-4.24,"30 June, 2024"
GVL,Green Ventures Limited,288,Rs. 593.8,Rs. 574.0,Rs. 587.9,5.7,39428,22863200.6,582.2,0.98,"01 July, 2024"
GVL,Green Ventures Limited,304,Rs. 635.4,Rs. 580.0,Rs. 592.0,4.1,48007,28381313.4,587.9,0.7,"02 July, 2024"
GVL,Green Ventures Limited,251,Rs. 600.8,Rs. 582.0,Rs. 594.0,2.0,22511,13206757.6,592.0,0.34,"03 July, 2024"
GVL,Green Ventures Limited,292,Rs. 600.0,Rs. 578.0,Rs. 591.0,-3.0,25255,14950197.2,594.0,-0.51,"04 July, 2024"
GVL,Green Ventures Limited,309,Rs. 600.0,Rs. 574.3,Rs. 578.0,-13.0,25625,14901040.8,591.0,-2.2,"07 July, 2024"
GVL,Green Ventures Limited,211,Rs. 589.0,Rs. 567.6,Rs. 581.1,3.1,23981,13819582.4,578.0,0.54,"08 July, 2024"
GVL,Green Ventures Limited,264,Rs. 599.7,Rs. 566.5,Rs. 599.0,17.9,25319,14739856.0,581.1,3.08,"09 July, 2024"
GVL,Green Ventures Limited,353,Rs. 623.0,Rs. 577.0,Rs. 600.0,1.0,31241,18611463.3,599.0,0.17,"10 July, 2024"
GVL,Green Ventures Limited,470,Rs. 636.4,Rs. 575.8,Rs. 590.0,-10.0,130647,78085767.4,600.0,-1.67,"11 July, 2024"
GVL,Green Ventures Limited,568,Rs. 627.0,Rs. 568.5,Rs. 620.0,30.0,99775,60869889.4,590.0,5.08,"14 July, 2024"
GVL,Green Ventures Limited,624,Rs. 657.5,Rs. 608.0,Rs. 649.0,4.0,99171,62624379.1,645.0,0.62,"16 July, 2024"
GVL,Green Ventures Limited,710,Rs. 669.0,Rs. 620.6,Rs. 669.0,20.0,121615,78478113.5,649.0,3.08,"17 July, 2024"
GVL,Green Ventures Limited,849,Rs. 699.9,Rs. 613.0,Rs. 672.1,3.1,163912,110297207.1,669.0,0.46,"18 July, 2024"
GVL,Green Ventures Limited,618,Rs. 678.0,Rs. 627.2,Rs. 646.7,-25.4,82759,53357663.6,672.1,-3.78,"21 July, 2024"
GVL,Green Ventures Limited,560,Rs. 649.0,Rs. 622.0,Rs. 630.0,-16.7,61068,38419748.3,646.7,-2.58,"22 July, 2024"
GVL,Green Ventures Limited,558,Rs. 655.0,Rs. 618.0,Rs. 633.0,3.0,105474,67069521.2,630.0,0.48,"23 July, 2024"
GVL,Green Ventures Limited,541,Rs. 635.0,Rs. 616.3,Rs. 620.0,-13.0,50216,31445774.3,633.0,-2.05,"24 July, 2024"
GVL,Green Ventures Limited,562,Rs. 624.7,Rs. 604.7,Rs. 610.0,-10.0,52525,32219106.0,620.0,-1.61,"25 July, 2024"
GVL,Green Ventures Limited,794,Rs. 653.8,Rs. 624.0,Rs. 645.0,11.0,100171,63827662.8,634.0,1.74,"30 July, 2024"
GVL,Green Ventures Limited,711,Rs. 653.0,Rs. 625.0,Rs. 633.0,-12.0,78474,50112459.4,645.0,-1.86,"31 July, 2024"
GVL,Green Ventures Limited,616,Rs. 640.0,Rs. 612.0,Rs. 613.5,-19.5,58858,36678211.8,633.0,-3.08,"01 August, 2024"
GVL,Green Ventures Limited,813,Rs. 632.0,Rs. 601.0,Rs. 629.8,16.3,66094,40984566.1,613.5,2.66,"05 August, 2024"
GVL,Green Ventures Limited,625,Rs. 638.9,Rs. 600.0,Rs. 605.0,-24.8,63272,39244171.2,629.8,-3.94,"06 August, 2024"
GVL,Green Ventures Limited,651,Rs. 630.0,Rs. 592.0,Rs. 627.0,22.0,39211,24137180.5,605.0,3.64,"07 August, 2024"
GVL,Green Ventures Limited,459,Rs. 627.1,Rs. 609.0,Rs. 614.0,-13.0,36024,22208060.4,627.0,-2.07,"08 August, 2024"
GVL,Green Ventures Limited,859,Rs. 635.0,Rs. 608.1,Rs. 622.0,8.0,72281,45009368.1,614.0,1.3,"11 August, 2024"
GVL,Green Ventures Limited,1162,Rs. 648.0,Rs. 611.0,Rs. 645.0,23.0,101765,64792717.0,622.0,3.7,"12 August, 2024"
GVL,Green Ventures Limited,563,Rs. 655.0,Rs. 620.0,Rs. 626.9,-18.1,42333,26692206.2,645.0,-2.81,"13 August, 2024"
GVL,Green Ventures Limited,540,Rs. 630.0,Rs. 615.2,Rs. 626.0,-0.9,44567,27777186.4,626.9,-0.14,"14 August, 2024"
GVL,Green Ventures Limited,743,Rs. 638.0,Rs. 613.5,Rs. 614.1,-11.9,53863,33461149.4,626.0,-1.9,"15 August, 2024"
GVL,Green Ventures Limited,697,Rs. 628.0,Rs. 597.0,Rs. 598.0,-16.1,44984,27186745.6,614.1,-2.62,"18 August, 2024"
GVL,Green Ventures Limited,575,Rs. 612.0,Rs. 588.3,Rs. 600.0,2.0,35577,21262890.4,598.0,0.33,"21 August, 2024"
GVL,Green Ventures Limited,628,Rs. 609.9,Rs. 588.0,Rs. 588.0,-12.0,37616,22414485.5,600.0,-2.0,"22 August, 2024"
GVL,Green Ventures Limited,455,Rs. 599.7,Rs. 576.0,Rs. 580.0,-8.0,21475,12484396.5,588.0,-1.36,"25 August, 2024"
GVL,Green Ventures Limited,537,Rs. 600.0,Rs. 569.0,Rs. 574.0,-6.0,31386,18088516.0,580.0,-1.03,"27 August, 2024"
GVL,Green Ventures Limited,341,Rs. 590.5,Rs. 560.0,Rs. 565.0,-9.0,18799,10777792.6,574.0,-1.57,"28 August, 2024"
GVL,Green Ventures Limited,308,Rs. 579.3,Rs. 556.3,Rs. 558.0,-7.0,26681,14970537.0,565.0,-1.24,"29 August, 2024"
GVL,Green Ventures Limited,306,Rs. 569.0,Rs. 533.2,Rs. 535.5,-22.5,25422,13788342.9,558.0,-4.03,"01 September, 2024"
GVL,Green Ventures Limited,380,Rs. 555.9,Rs. 530.1,Rs. 552.9,17.4,23589,12905478.8,535.5,3.25,"02 September, 2024"
GVL,Green Ventures Limited,255,Rs. 563.0,Rs. 542.0,Rs. 552.9,0.0,13910,7667275.0,552.9,0.0,"03 September, 2024"
GVL,Green Ventures Limited,301,Rs. 563.9,Rs. 521.1,Rs. 535.8,-17.1,33325,17781683.0,552.9,-3.09,"04 September, 2024"
GVL,Green Ventures Limited,228,Rs. 546.0,Rs. 517.1,Rs. 522.0,-13.8,22428,11726759.2,535.8,-2.58,"05 September, 2024"
GVL,Green Ventures Limited,266,Rs. 533.0,Rs. 512.8,Rs. 512.8,-9.2,17079,8938683.6,522.0,-1.76,"08 September, 2024"
GVL,Green Ventures Limited,263,Rs. 515.0,Rs. 500.0,Rs. 502.0,-10.8,24326,12300255.9,512.8,-2.11,"09 September, 2024"
GVL,Green Ventures Limited,286,Rs. 519.0,Rs. 495.0,Rs. 504.9,2.9,20933,10520021.8,502.0,0.58,"10 September, 2024"
GVL,Green Ventures Limited,239,Rs. 510.0,Rs. 492.0,Rs. 500.0,-4.9,28600,14286318.8,504.9,-0.97,"11 September, 2024"
GVL,Green Ventures Limited,783,Rs. 550.0,Rs. 508.8,Rs. 550.0,50.0,77854,41792972.1,500.0,10.0,"12 September, 2024"
GVL,Green Ventures Limited,903,Rs. 590.0,Rs. 555.7,Rs. 585.0,35.0,118927,68457359.5,550.0,6.36,"15 September, 2024"
GVL,Green Ventures Limited,758,Rs. 621.0,Rs. 559.0,Rs. 605.0,20.0,73460,43465159.2,585.0,3.42,"16 September, 2024"
GVL,Green Ventures Limited,585,Rs. 617.1,Rs. 558.0,Rs. 606.9,1.9,58575,34682997.3,605.0,0.31,"18 September, 2024"
GVL,Green Ventures Limited,456,Rs. 619.0,Rs. 550.9,Rs. 596.0,-10.9,48673,28474558.0,606.9,-1.8,"22 September, 2024"
GVL,Green Ventures Limited,339,Rs. 595.8,Rs. 550.8,Rs. 595.8,-0.2,44280,25115898.2,596.0,-0.03,"23 September, 2024"
GVL,Green Ventures Limited,255,Rs. 601.7,Rs. 541.0,Rs. 571.0,-24.8,20187,11420733.0,595.8,-4.16,"24 September, 2024"
GVL,Green Ventures Limited,323,Rs. 596.7,Rs. 549.0,Rs. 590.0,19.0,32884,18866109.2,571.0,3.33,"25 September, 2024"
GVL,Green Ventures Limited,445,Rs. 591.6,Rs. 531.0,Rs. 531.0,-59.0,85264,46461037.7,590.0,-10.0,"26 September, 2024"
GVL,Green Ventures Limited,321,Rs. 540.0,Rs. 494.9,Rs. 527.0,-4.0,38787,19772695.5,531.0,-0.75,"29 September, 2024"
GVL,Green Ventures Limited,177,Rs. 537.9,Rs. 508.2,Rs. 537.0,10.0,15384,8061353.2,527.0,1.9,"30 September, 2024"
GVL,Green Ventures Limited,327,Rs. 564.0,Rs. 521.0,Rs. 562.0,25.0,28539,15731960.2,537.0,4.66,"01 October, 2024"
GVL,Green Ventures Limited,238,Rs. 572.9,Rs. 541.1,Rs. 552.0,-10.0,27807,15466588.8,562.0,-1.78,"02 October, 2024"
GVL,Green Ventures Limited,195,Rs. 563.0,Rs. 533.2,Rs. 561.0,9.0,12954,7116848.3,552.0,1.63,"06 October, 2024"
GVL,Green Ventures Limited,198,Rs. 572.2,Rs. 549.0,Rs. 563.0,2.0,21918,12267293.9,561.0,0.36,"07 October, 2024"
GVL,Green Ventures Limited,127,Rs. 569.9,Rs. 542.7,Rs. 559.0,-4.0,17063,9401519.7,563.0,-0.71,"08 October, 2024"
GVL,Green Ventures Limited,67,Rs. 561.0,Rs. 547.1,Rs. 556.0,-3.0,7431,4091138.1,559.0,-0.54,"09 October, 2024"
GVL,Green Ventures Limited,65,Rs. 567.1,Rs. 546.8,Rs. 555.1,-0.9,17135,9510631.5,556.0,-0.16,"15 October, 2024"
GVL,Green Ventures Limited,194,Rs. 566.0,Rs. 543.7,Rs. 566.0,10.9,14623,8179633.9,555.1,1.96,"16 October, 2024"
GVL,Green Ventures Limited,125,Rs. 565.0,Rs. 554.8,Rs. 557.0,-9.0,8630,4826014.6,566.0,-1.59,"17 October, 2024"
GVL,Green Ventures Limited,145,Rs. 579.0,Rs. 540.2,Rs. 550.0,-7.0,15352,8466133.9,557.0,-1.26,"20 October, 2024"
GVL,Green Ventures Limited,150,Rs. 561.0,Rs. 533.0,Rs. 534.0,-16.0,19116,10293381.8,550.0,-2.91,"21 October, 2024"
GVL,Green Ventures Limited,194,Rs. 560.5,Rs. 526.2,Rs. 560.5,26.5,26881,14505871.3,534.0,4.96,"22 October, 2024"
GVL,Green Ventures Limited,299,Rs. 571.7,Rs. 507.7,Rs. 538.5,-22.0,54483,28573398.1,560.5,-3.93,"23 October, 2024"
GVL,Green Ventures Limited,194,Rs. 539.0,Rs. 513.7,Rs. 523.4,-15.1,33548,17428666.4,538.5,-2.8,"24 October, 2024"
GVL,Green Ventures Limited,141,Rs. 531.9,Rs. 518.0,Rs. 519.1,-4.3,13604,7108232.7,523.4,-0.82,"27 October, 2024"
GVL,Green Ventures Limited,173,Rs. 532.0,Rs. 520.1,Rs. 529.0,9.9,14604,7714595.9,519.1,1.91,"28 October, 2024"
GVL,Green Ventures Limited,167,Rs. 540.0,Rs. 524.0,Rs. 540.0,11.0,20432,10950260.2,529.0,2.08,"29 October, 2024"
GVL,Green Ventures Limited,106,Rs. 550.0,Rs. 535.1,Rs. 540.0,0.0,9475,5112385.7,540.0,0.0,"30 October, 2024"
GVL,Green Ventures Limited,163,Rs. 556.5,Rs. 533.5,Rs. 541.2,1.2,13489,7384510.4,540.0,0.22,"05 November, 2024"
GVL,Green Ventures Limited,179,Rs. 555.9,Rs. 535.0,Rs. 550.0,8.8,25917,14229569.0,541.2,1.63,"06 November, 2024"
GVL,Green Ventures Limited,547,Rs. 594.0,Rs. 555.2,Rs. 590.0,40.0,68515,39705122.0,550.0,7.27,"10 November, 2024"
GVL,Green Ventures Limited,319,Rs. 601.8,Rs. 565.0,Rs. 576.0,-14.0,56435,32523549.0,590.0,-2.37,"11 November, 2024"
GVL,Green Ventures Limited,185,Rs. 583.0,Rs. 564.0,Rs. 565.0,-11.0,14205,8103818.9,576.0,-1.91,"12 November, 2024"
GVL,Green Ventures Limited,192,Rs. 573.0,Rs. 560.0,Rs. 565.0,0.0,28346,16051224.0,565.0,0.0,"13 November, 2024"
GVL,Green Ventures Limited,260,Rs. 582.0,Rs. 563.3,Rs. 578.0,13.0,26244,15081173.0,565.0,2.3,"14 November, 2024"
GVL,Green Ventures Limited,412,Rs. 598.8,Rs. 576.0,Rs. 584.0,6.0,41275,24370943.1,578.0,1.04,"17 November, 2024"
GVL,Green Ventures Limited,264,Rs. 588.5,Rs. 552.0,Rs. 562.0,-22.0,22738,12976851.6,584.0,-3.77,"19 November, 2024"
GVL,Green Ventures Limited,175,Rs. 570.0,Rs. 553.0,Rs. 570.0,8.0,16551,9368280.0,562.0,1.42,"20 November, 2024"
GVL,Green Ventures Limited,168,Rs. 573.0,Rs. 555.0,Rs. 557.0,-13.0,12701,7129195.0,570.0,-2.28,"21 November, 2024"
GVL,Green Ventures Limited,159,Rs. 562.0,Rs. 543.0,Rs. 550.0,0.0,12719,7034717.9,550.0,0.0,"25 November, 2024"
GVL,Green Ventures Limited,355,Rs. 592.6,Rs. 549.0,Rs. 586.0,36.0,43715,25190771.2,550.0,6.55,"26 November, 2024"
GVL,Green Ventures Limited,417,Rs. 598.0,Rs. 574.3,Rs. 592.0,6.0,52841,31218688.0,586.0,1.02,"27 November, 2024"
GVL,Green Ventures Limited,259,Rs. 596.0,Rs. 578.0,Rs. 587.9,-4.1,23279,13591375.6,592.0,-0.69,"28 November, 2024"
GVL,Green Ventures Limited,240,Rs. 599.6,Rs. 565.0,Rs. 571.1,-16.8,22726,13031518.3,587.9,-2.86,"01 December, 2024"
GVL,Green Ventures Limited,233,Rs. 582.4,Rs. 563.0,Rs. 566.0,-5.1,21593,12325266.4,571.1,-0.89,"02 December, 2024"
GVL,Green Ventures Limited,231,Rs. 577.0,Rs. 568.0,Rs. 569.9,3.9,20112,11515387.3,566.0,0.69,"03 December, 2024"
GVL,Green Ventures Limited,356,Rs. 583.0,Rs. 565.0,Rs. 579.0,9.1,34764,20052955.0,569.9,1.6,"04 December, 2024"
GVL,Green Ventures Limited,131,Rs. 575.0,Rs. 560.3,Rs. 568.0,-11.0,9988,5665954.0,579.0,-1.9,"05 December, 2024"
GVL,Green Ventures Limited,219,Rs. 573.2,Rs. 545.0,Rs. 550.0,-18.0,22955,12687275.3,568.0,-3.17,"08 December, 2024"
GVL,Green Ventures Limited,150,Rs. 565.0,Rs. 540.0,Rs. 546.0,-4.0,11319,6237793.9,550.0,-0.73,"09 December, 2024"
GVL,Green Ventures Limited,132,Rs. 557.0,Rs. 545.0,Rs. 545.0,-1.0,7981,4380255.0,546.0,-0.18,"10 December, 2024"
GVL,Green Ventures Limited,164,Rs. 567.0,Rs. 528.0,Rs. 552.0,7.0,12390,6813012.0,545.0,1.28,"11 December, 2024"
GVL,Green Ventures Limited,178,Rs. 565.0,Rs. 543.3,Rs. 547.0,-5.0,16276,9060202.8,552.0,-0.91,"12 December, 2024"
GVL,Green Ventures Limited,167,Rs. 550.0,Rs. 531.0,Rs. 536.8,-10.2,12340,6630071.1,547.0,-1.86,"16 December, 2024"
GVL,Green Ventures Limited,102,Rs. 546.7,Rs. 532.0,Rs. 532.0,-4.8,6326,3402411.5,536.8,-0.89,"17 December, 2024"
GVL,Green Ventures Limited,126,Rs. 545.7,Rs. 534.1,Rs. 536.3,4.3,6542,3521782.2,532.0,0.81,"18 December, 2024"
GVL,Green Ventures Limited,115,Rs. 547.0,Rs. 526.3,Rs. 532.0,-4.3,10674,5665476.8,536.3,-0.8,"19 December, 2024"
GVL,Green Ventures Limited,189,Rs. 550.0,Rs. 531.0,Rs. 545.0,13.0,14371,7810230.0,532.0,2.44,"22 December, 2024"
GVL,Green Ventures Limited,157,Rs. 552.4,Rs. 546.0,Rs. 550.0,5.0,13889,7625695.8,545.0,0.92,"23 December, 2024"
