Share Symbol,Name,Number of transaction,Max Price,Min Price,Closing Price,Difference,Traded Shares,Traded Amount,Previous Closing,Percent Difference,Date
RNLI,Reliable Nepal Life Insurance Limited,3635,Rs. 435.0,Rs. 424.0,Rs. 424.6,-8.9,64409,27613460.8,433.5,-2.05,"12 October, 2023"
RNLI,Reliable Nepal Life Insurance Limited,1913,Rs. 426.3,Rs. 405.1,Rs. 420.0,8.1,55426,23157685.6,411.9,1.97,"22 November, 2023"
RNLI,Reliable Nepal Life Insurance Limited,2661,Rs. 453.9,Rs. 412.1,Rs. 440.0,20.0,119970,52127714.3,420.0,4.76,"23 November, 2023"
RNLI,Reliable Nepal Life Insurance Limited,1840,Rs. 462.0,Rs. 452.2,Rs. 457.0,-3.0,58396,26629402.7,460.0,-0.65,"03 December, 2023"
RNLI,Reliable Nepal Life Insurance Limited,2295,Rs. 472.0,Rs. 452.1,Rs. 467.0,10.0,92194,42979916.5,457.0,2.19,"04 December, 2023"
RNLI,Reliable Nepal Life Insurance Limited,2320,Rs. 482.0,Rs. 470.0,Rs. 474.5,7.5,108588,51635317.7,467.0,1.61,"05 December, 2023"
RNLI,Reliable Nepal Life Insurance Limited,2579,Rs. 491.0,Rs. 472.0,Rs. 488.1,13.6,151676,73449017.5,474.5,2.87,"06 December, 2023"
RNLI,Reliable Nepal Life Insurance Limited,2972,Rs. 491.0,Rs. 475.2,Rs. 486.3,-1.8,163473,79121523.9,488.1,-0.37,"07 December, 2023"
RNLI,Reliable Nepal Life Insurance Limited,199,Rs. 515.0,Rs. 490.0,Rs. 514.0,27.7,39065,19842653.6,486.3,5.7,"10 December, 2023"
RNLI,Reliable Nepal Life Insurance Limited,5120,Rs. 520.0,Rs. 494.0,Rs. 519.6,5.6,325267,165766860.7,514.0,1.09,"11 December, 2023"
RNLI,Reliable Nepal Life Insurance Limited,4714,Rs. 547.0,Rs. 517.0,Rs. 542.0,22.4,267573,143578143.7,519.6,4.31,"12 December, 2023"
RNLI,Reliable Nepal Life Insurance Limited,2984,Rs. 553.0,Rs. 536.0,Rs. 543.0,1.0,202768,110503832.1,542.0,0.18,"13 December, 2023"
RNLI,Reliable Nepal Life Insurance Limited,2687,Rs. 553.8,Rs. 530.0,Rs. 547.0,4.0,213185,114988791.7,543.0,0.74,"14 December, 2023"
RNLI,Reliable Nepal Life Insurance Limited,3797,Rs. 557.9,Rs. 527.1,Rs. 552.0,5.0,297715,161539726.3,547.0,0.91,"17 December, 2023"
RNLI,Reliable Nepal Life Insurance Limited,2826,Rs. 566.9,Rs. 545.0,Rs. 555.0,3.0,222876,124801851.1,552.0,0.54,"18 December, 2023"
RNLI,Reliable Nepal Life Insurance Limited,3597,Rs. 600.0,Rs. 545.0,Rs. 590.0,35.0,214105,122188899.8,555.0,6.31,"19 December, 2023"
RNLI,Reliable Nepal Life Insurance Limited,2856,Rs. 605.0,Rs. 580.0,Rs. 592.0,2.0,282935,167367961.8,590.0,0.34,"20 December, 2023"
RNLI,Reliable Nepal Life Insurance Limited,2914,Rs. 598.0,Rs. 580.3,Rs. 585.0,-7.0,229637,134365424.3,592.0,-1.18,"21 December, 2023"
RNLI,Reliable Nepal Life Insurance Limited,3944,Rs. 603.0,Rs. 575.1,Rs. 595.0,10.0,285552,169388956.0,585.0,1.71,"24 December, 2023"
RNLI,Reliable Nepal Life Insurance Limited,3236,Rs. 603.0,Rs. 584.3,Rs. 585.0,-10.0,213685,126463053.0,595.0,-1.68,"27 December, 2023"
RNLI,Reliable Nepal Life Insurance Limited,2999,Rs. 590.0,Rs. 575.2,Rs. 582.0,-3.0,222384,129809679.5,585.0,-0.51,"28 December, 2023"
RNLI,Reliable Nepal Life Insurance Limited,2513,Rs. 587.0,Rs. 566.5,Rs. 567.1,-14.9,172131,99165974.8,582.0,-2.56,"01 January, 2024"
RNLI,Reliable Nepal Life Insurance Limited,2733,Rs. 565.0,Rs. 543.0,Rs. 545.1,-22.0,178303,98716496.7,567.1,-3.88,"02 January, 2024"
RNLI,Reliable Nepal Life Insurance Limited,2367,Rs. 552.0,Rs. 525.0,Rs. 550.0,4.9,156218,84208353.5,545.1,0.9,"03 January, 2024"
RNLI,Reliable Nepal Life Insurance Limited,2161,Rs. 566.0,Rs. 545.0,Rs. 545.1,-4.9,208839,114843404.6,550.0,-0.89,"04 January, 2024"
RNLI,Reliable Nepal Life Insurance Limited,2103,Rs. 544.9,Rs. 531.1,Rs. 535.0,-10.1,125364,67228083.9,545.1,-1.85,"07 January, 2024"
RNLI,Reliable Nepal Life Insurance Limited,2581,Rs. 560.0,Rs. 537.0,Rs. 556.0,21.0,169677,93099943.4,535.0,3.93,"08 January, 2024"
RNLI,Reliable Nepal Life Insurance Limited,4429,Rs. 603.4,Rs. 569.1,Rs. 578.9,20.9,496040,288715287.9,558.0,3.75,"10 January, 2024"
RNLI,Reliable Nepal Life Insurance Limited,2364,Rs. 585.0,Rs. 570.0,Rs. 571.0,-7.9,167643,96313741.7,578.9,-1.36,"11 January, 2024"
RNLI,Reliable Nepal Life Insurance Limited,2183,Rs. 576.0,Rs. 565.0,Rs. 566.0,-5.0,131023,74568566.7,571.0,-0.88,"14 January, 2024"
RNLI,Reliable Nepal Life Insurance Limited,3005,Rs. 598.0,Rs. 566.0,Rs. 590.0,24.0,228431,133182417.0,566.0,4.24,"16 January, 2024"
RNLI,Reliable Nepal Life Insurance Limited,2940,Rs. 612.0,Rs. 577.4,Rs. 578.0,-12.0,198057,116448228.8,590.0,-2.03,"17 January, 2024"
RNLI,Reliable Nepal Life Insurance Limited,3580,Rs. 582.1,Rs. 568.0,Rs. 575.4,-2.6,115513,66398072.7,578.0,-0.45,"18 January, 2024"
RNLI,Reliable Nepal Life Insurance Limited,3243,Rs. 588.0,Rs. 570.0,Rs. 572.9,-2.5,160835,93061798.1,575.4,-0.43,"21 January, 2024"
RNLI,Reliable Nepal Life Insurance Limited,3520,Rs. 585.1,Rs. 566.0,Rs. 575.0,2.1,187913,108538595.0,572.9,0.37,"22 January, 2024"
RNLI,Reliable Nepal Life Insurance Limited,2437,Rs. 582.0,Rs. 564.0,Rs. 571.0,-4.0,83789,48058775.8,575.0,-0.7,"23 January, 2024"
RNLI,Reliable Nepal Life Insurance Limited,2346,Rs. 581.0,Rs. 569.0,Rs. 572.0,1.0,93152,53299314.9,571.0,0.18,"24 January, 2024"
RNLI,Reliable Nepal Life Insurance Limited,2785,Rs. 575.0,Rs. 568.0,Rs. 570.0,-2.0,123970,70678728.9,572.0,-0.35,"25 January, 2024"
RNLI,Reliable Nepal Life Insurance Limited,7263,Rs. 581.0,Rs. 570.0,Rs. 577.5,7.5,300619,173464498.7,570.0,1.32,"28 January, 2024"
RNLI,Reliable Nepal Life Insurance Limited,1866,Rs. 515.0,Rs. 488.1,Rs. 489.0,-8.84,76971,38147770.6,497.84,-1.78,"29 January, 2024"
RNLI,Reliable Nepal Life Insurance Limited,1712,Rs. 496.2,Rs. 476.3,Rs. 479.7,-9.3,96510,46384374.7,489.0,-1.9,"30 January, 2024"
RNLI,Reliable Nepal Life Insurance Limited,1379,Rs. 482.0,Rs. 465.0,Rs. 469.0,-10.7,72717,34417434.8,479.7,-2.23,"31 January, 2024"
RNLI,Reliable Nepal Life Insurance Limited,1157,Rs. 469.0,Rs. 455.0,Rs. 457.0,-12.0,43310,19945878.0,469.0,-2.56,"01 February, 2024"
RNLI,Reliable Nepal Life Insurance Limited,1176,Rs. 457.0,Rs. 446.2,Rs. 451.8,-5.2,38471,17382815.0,457.0,-1.14,"04 February, 2024"
RNLI,Reliable Nepal Life Insurance Limited,995,Rs. 456.0,Rs. 446.5,Rs. 447.5,-4.3,40906,18367875.5,451.8,-0.95,"05 February, 2024"
RNLI,Reliable Nepal Life Insurance Limited,1177,Rs. 455.8,Rs. 448.2,Rs. 451.0,3.5,28363,12792911.2,447.5,0.78,"06 February, 2024"
RNLI,Reliable Nepal Life Insurance Limited,1615,Rs. 472.0,Rs. 445.0,Rs. 472.0,21.0,141965,66247371.7,451.0,4.66,"07 February, 2024"
RNLI,Reliable Nepal Life Insurance Limited,1122,Rs. 480.0,Rs. 470.0,Rs. 470.5,-1.5,73145,34731363.5,472.0,-0.32,"08 February, 2024"
RNLI,Reliable Nepal Life Insurance Limited,1096,Rs. 480.0,Rs. 462.1,Rs. 464.6,-5.9,40826,19147380.3,470.5,-1.25,"11 February, 2024"
RNLI,Reliable Nepal Life Insurance Limited,1045,Rs. 470.0,Rs. 458.0,Rs. 465.0,0.4,28273,13132935.6,464.6,0.09,"12 February, 2024"
RNLI,Reliable Nepal Life Insurance Limited,884,Rs. 465.0,Rs. 450.0,Rs. 455.0,-10.0,40983,18725038.2,465.0,-2.15,"13 February, 2024"
RNLI,Reliable Nepal Life Insurance Limited,897,Rs. 462.0,Rs. 448.4,Rs. 454.2,-0.8,31667,14443300.5,455.0,-0.18,"14 February, 2024"
RNLI,Reliable Nepal Life Insurance Limited,1202,Rs. 455.0,Rs. 446.8,Rs. 448.0,-6.2,30523,13764170.4,454.2,-1.37,"15 February, 2024"
RNLI,Reliable Nepal Life Insurance Limited,1868,Rs. 452.0,Rs. 440.0,Rs. 441.0,-7.0,38354,16999294.5,448.0,-1.56,"18 February, 2024"
RNLI,Reliable Nepal Life Insurance Limited,1677,Rs. 448.0,Rs. 437.0,Rs. 442.0,1.0,32611,14387911.0,441.0,0.23,"20 February, 2024"
RNLI,Reliable Nepal Life Insurance Limited,1412,Rs. 445.0,Rs. 431.2,Rs. 433.3,-8.7,45804,19973605.6,442.0,-1.97,"21 February, 2024"
RNLI,Reliable Nepal Life Insurance Limited,1670,Rs. 440.0,Rs. 428.1,Rs. 428.6,-4.7,37209,16148814.0,433.3,-1.08,"22 February, 2024"
RNLI,Reliable Nepal Life Insurance Limited,1223,Rs. 440.0,Rs. 424.1,Rs. 424.2,-4.4,36823,15853677.5,428.6,-1.03,"25 February, 2024"
RNLI,Reliable Nepal Life Insurance Limited,860,Rs. 432.4,Rs. 419.6,Rs. 430.0,5.8,30389,12910060.5,424.2,1.37,"26 February, 2024"
RNLI,Reliable Nepal Life Insurance Limited,581,Rs. 433.5,Rs. 423.0,Rs. 428.0,-2.0,26847,11469238.9,430.0,-0.47,"27 February, 2024"
RNLI,Reliable Nepal Life Insurance Limited,621,Rs. 433.0,Rs. 425.0,Rs. 427.0,-1.0,22610,9697793.4,428.0,-0.23,"28 February, 2024"
RNLI,Reliable Nepal Life Insurance Limited,578,Rs. 429.0,Rs. 417.0,Rs. 419.0,-8.0,26819,11293428.8,427.0,-1.87,"29 February, 2024"
RNLI,Reliable Nepal Life Insurance Limited,685,Rs. 420.0,Rs. 410.0,Rs. 414.1,-4.9,27869,11534230.5,419.0,-1.17,"03 March, 2024"
RNLI,Reliable Nepal Life Insurance Limited,21,Rs. 455.5,Rs. 422.0,Rs. 455.5,41.4,1815,810403.0,414.1,10.0,"04 March, 2024"
RNLI,Reliable Nepal Life Insurance Limited,809,Rs. 460.0,Rs. 432.0,Rs. 432.0,-23.5,60069,26396939.4,455.5,-5.16,"05 March, 2024"
RNLI,Reliable Nepal Life Insurance Limited,692,Rs. 438.6,Rs. 424.0,Rs. 431.0,-1.0,30085,12970868.1,432.0,-0.23,"06 March, 2024"
RNLI,Reliable Nepal Life Insurance Limited,639,Rs. 442.0,Rs. 431.0,Rs. 437.1,6.1,24279,10630681.1,431.0,1.42,"07 March, 2024"
RNLI,Reliable Nepal Life Insurance Limited,880,Rs. 448.1,Rs. 438.0,Rs. 444.5,7.4,31290,13928578.8,437.1,1.69,"10 March, 2024"
RNLI,Reliable Nepal Life Insurance Limited,1677,Rs. 477.0,Rs. 444.0,Rs. 477.0,32.5,92829,43158649.3,444.5,7.31,"12 March, 2024"
RNLI,Reliable Nepal Life Insurance Limited,1105,Rs. 487.0,Rs. 465.0,Rs. 472.0,-5.0,57914,27527504.3,477.0,-1.05,"13 March, 2024"
RNLI,Reliable Nepal Life Insurance Limited,784,Rs. 475.0,Rs. 455.1,Rs. 458.9,-13.1,33317,15353362.5,472.0,-2.78,"14 March, 2024"
RNLI,Reliable Nepal Life Insurance Limited,1003,Rs. 466.0,Rs. 453.0,Rs. 456.0,-2.9,34984,16039695.2,458.9,-0.63,"17 March, 2024"
RNLI,Reliable Nepal Life Insurance Limited,772,Rs. 458.0,Rs. 448.0,Rs. 452.0,-4.0,26652,12060244.8,456.0,-0.88,"18 March, 2024"
RNLI,Reliable Nepal Life Insurance Limited,781,Rs. 459.7,Rs. 448.0,Rs. 449.0,-3.0,31244,14185220.2,452.0,-0.66,"19 March, 2024"
RNLI,Reliable Nepal Life Insurance Limited,656,Rs. 457.0,Rs. 441.0,Rs. 444.5,-4.5,26062,11644691.1,449.0,-1.0,"20 March, 2024"
RNLI,Reliable Nepal Life Insurance Limited,681,Rs. 447.0,Rs. 437.0,Rs. 437.6,-6.9,36131,15948015.0,444.5,-1.55,"21 March, 2024"
RNLI,Reliable Nepal Life Insurance Limited,526,Rs. 446.3,Rs. 434.0,Rs. 436.0,-1.6,18747,8190216.1,437.6,-0.37,"25 March, 2024"
RNLI,Reliable Nepal Life Insurance Limited,758,Rs. 447.0,Rs. 435.0,Rs. 439.6,3.6,24843,10963830.6,436.0,0.83,"26 March, 2024"
RNLI,Reliable Nepal Life Insurance Limited,614,Rs. 445.0,Rs. 434.0,Rs. 438.0,-1.6,28505,12484692.4,439.6,-0.36,"27 March, 2024"
RNLI,Reliable Nepal Life Insurance Limited,701,Rs. 443.5,Rs. 431.1,Rs. 439.0,1.0,23561,10297952.9,438.0,0.23,"28 March, 2024"
RNLI,Reliable Nepal Life Insurance Limited,820,Rs. 440.0,Rs. 433.0,Rs. 434.2,-4.8,21106,9222303.0,439.0,-1.09,"31 March, 2024"
RNLI,Reliable Nepal Life Insurance Limited,690,Rs. 442.0,Rs. 427.0,Rs. 434.0,-0.2,21306,9290756.5,434.2,-0.05,"01 April, 2024"
RNLI,Reliable Nepal Life Insurance Limited,663,Rs. 440.0,Rs. 431.1,Rs. 435.1,1.1,16426,7168691.0,434.0,0.25,"02 April, 2024"
RNLI,Reliable Nepal Life Insurance Limited,676,Rs. 443.8,Rs. 435.1,Rs. 437.6,2.5,20330,8914070.9,435.1,0.57,"03 April, 2024"
RNLI,Reliable Nepal Life Insurance Limited,740,Rs. 439.5,Rs. 430.0,Rs. 431.1,-6.5,36531,15832559.1,437.6,-1.49,"04 April, 2024"
RNLI,Reliable Nepal Life Insurance Limited,1427,Rs. 442.0,Rs. 422.5,Rs. 442.0,10.9,52195,22726516.5,431.1,2.53,"07 April, 2024"
RNLI,Reliable Nepal Life Insurance Limited,1155,Rs. 450.0,Rs. 437.0,Rs. 437.1,-4.9,37439,16562424.1,442.0,-1.11,"09 April, 2024"
RNLI,Reliable Nepal Life Insurance Limited,1055,Rs. 444.0,Rs. 429.0,Rs. 434.6,-2.5,48902,21273074.4,437.1,-0.57,"10 April, 2024"
RNLI,Reliable Nepal Life Insurance Limited,1042,Rs. 433.0,Rs. 428.1,Rs. 430.5,-4.1,22339,9624164.3,434.6,-0.94,"14 April, 2024"
RNLI,Reliable Nepal Life Insurance Limited,768,Rs. 434.0,Rs. 428.0,Rs. 428.1,-2.4,27603,11884316.1,430.5,-0.56,"15 April, 2024"
RNLI,Reliable Nepal Life Insurance Limited,681,Rs. 430.0,Rs. 425.1,Rs. 426.0,-2.1,22954,9820795.9,428.1,-0.49,"16 April, 2024"
RNLI,Reliable Nepal Life Insurance Limited,610,Rs. 426.8,Rs. 420.0,Rs. 421.0,-5.0,24011,10141090.0,426.0,-1.17,"18 April, 2024"
RNLI,Reliable Nepal Life Insurance Limited,767,Rs. 432.5,Rs. 417.0,Rs. 430.0,9.0,23437,9919026.4,421.0,2.14,"21 April, 2024"
RNLI,Reliable Nepal Life Insurance Limited,580,Rs. 437.9,Rs. 421.5,Rs. 421.8,-8.2,24994,10648580.9,430.0,-1.91,"22 April, 2024"
RNLI,Reliable Nepal Life Insurance Limited,600,Rs. 426.5,Rs. 420.0,Rs. 421.9,0.1,25213,10700281.9,421.8,0.02,"24 April, 2024"
RNLI,Reliable Nepal Life Insurance Limited,643,Rs. 427.0,Rs. 421.0,Rs. 423.0,1.1,21457,9084689.2,421.9,0.26,"25 April, 2024"
RNLI,Reliable Nepal Life Insurance Limited,815,Rs. 430.0,Rs. 420.1,Rs. 424.9,1.9,23477,10023758.3,423.0,0.45,"28 April, 2024"
RNLI,Reliable Nepal Life Insurance Limited,614,Rs. 434.5,Rs. 424.0,Rs. 424.0,-0.9,19162,8196418.8,424.9,-0.21,"29 April, 2024"
RNLI,Reliable Nepal Life Insurance Limited,942,Rs. 440.0,Rs. 421.0,Rs. 433.9,9.9,37022,16008547.6,424.0,2.33,"30 April, 2024"
RNLI,Reliable Nepal Life Insurance Limited,991,Rs. 448.0,Rs. 433.0,Rs. 433.0,-0.9,62417,27551653.7,433.9,-0.21,"02 May, 2024"
RNLI,Reliable Nepal Life Insurance Limited,897,Rs. 443.0,Rs. 423.6,Rs. 427.0,1.0,69367,29945743.3,426.0,0.23,"06 May, 2024"
RNLI,Reliable Nepal Life Insurance Limited,507,Rs. 435.0,Rs. 426.0,Rs. 426.3,-0.7,17579,7519043.7,427.0,-0.16,"07 May, 2024"
RNLI,Reliable Nepal Life Insurance Limited,413,Rs. 430.0,Rs. 422.8,Rs. 422.8,-3.5,19298,8182682.8,426.3,-0.82,"08 May, 2024"
RNLI,Reliable Nepal Life Insurance Limited,634,Rs. 428.0,Rs. 418.0,Rs. 421.0,-1.8,31430,13241715.1,422.8,-0.43,"09 May, 2024"
RNLI,Reliable Nepal Life Insurance Limited,770,Rs. 435.0,Rs. 421.0,Rs. 427.1,6.1,34083,14610155.0,421.0,1.45,"12 May, 2024"
RNLI,Reliable Nepal Life Insurance Limited,628,Rs. 434.3,Rs. 420.0,Rs. 431.0,3.9,35680,15367993.1,427.1,0.91,"13 May, 2024"
RNLI,Reliable Nepal Life Insurance Limited,695,Rs. 437.0,Rs. 428.0,Rs. 432.4,1.4,26837,11607013.8,431.0,0.32,"14 May, 2024"
RNLI,Reliable Nepal Life Insurance Limited,598,Rs. 441.0,Rs. 427.0,Rs. 428.1,-4.3,34483,14954833.4,432.4,-0.99,"15 May, 2024"
RNLI,Reliable Nepal Life Insurance Limited,546,Rs. 430.0,Rs. 423.4,Rs. 428.9,0.8,25913,11083687.7,428.1,0.19,"16 May, 2024"
RNLI,Reliable Nepal Life Insurance Limited,1554,Rs. 455.0,Rs. 430.0,Rs. 446.0,17.1,127768,56968201.1,428.9,3.99,"19 May, 2024"
RNLI,Reliable Nepal Life Insurance Limited,1048,Rs. 460.0,Rs. 440.0,Rs. 443.0,-3.0,80491,36200397.1,446.0,-0.67,"20 May, 2024"
RNLI,Reliable Nepal Life Insurance Limited,850,Rs. 448.9,Rs. 438.0,Rs. 445.6,2.6,35980,16000914.3,443.0,0.59,"21 May, 2024"
RNLI,Reliable Nepal Life Insurance Limited,775,Rs. 448.8,Rs. 440.0,Rs. 442.6,-3.0,52775,23397248.3,445.6,-0.67,"22 May, 2024"
RNLI,Reliable Nepal Life Insurance Limited,850,Rs. 440.3,Rs. 435.2,Rs. 438.0,-4.6,36164,15844767.8,442.6,-1.04,"26 May, 2024"
RNLI,Reliable Nepal Life Insurance Limited,678,Rs. 442.0,Rs. 433.0,Rs. 437.8,-0.2,25304,11060057.4,438.0,-0.05,"27 May, 2024"
RNLI,Reliable Nepal Life Insurance Limited,722,Rs. 446.0,Rs. 428.3,Rs. 429.0,-8.8,47692,20624087.9,437.8,-2.01,"29 May, 2024"
RNLI,Reliable Nepal Life Insurance Limited,676,Rs. 432.0,Rs. 425.2,Rs. 426.3,-2.7,23961,10268658.0,429.0,-0.63,"30 May, 2024"
RNLI,Reliable Nepal Life Insurance Limited,860,Rs. 448.0,Rs. 422.5,Rs. 429.0,2.7,38368,16508911.6,426.3,0.63,"02 June, 2024"
RNLI,Reliable Nepal Life Insurance Limited,642,Rs. 434.9,Rs. 425.6,Rs. 426.0,-3.0,29460,12584323.1,429.0,-0.7,"03 June, 2024"
RNLI,Reliable Nepal Life Insurance Limited,811,Rs. 436.0,Rs. 425.1,Rs. 430.0,4.0,45938,19831184.8,426.0,0.94,"04 June, 2024"
RNLI,Reliable Nepal Life Insurance Limited,492,Rs. 436.0,Rs. 428.1,Rs. 430.0,0.0,21627,9300486.7,430.0,0.0,"05 June, 2024"
RNLI,Reliable Nepal Life Insurance Limited,598,Rs. 431.0,Rs. 424.5,Rs. 425.0,-5.0,33192,14165446.3,430.0,-1.16,"06 June, 2024"
RNLI,Reliable Nepal Life Insurance Limited,701,Rs. 430.0,Rs. 423.0,Rs. 425.5,0.5,27450,11711355.0,425.0,0.12,"09 June, 2024"
RNLI,Reliable Nepal Life Insurance Limited,713,Rs. 429.0,Rs. 424.0,Rs. 424.5,-1.0,31273,13311666.4,425.5,-0.24,"10 June, 2024"
RNLI,Reliable Nepal Life Insurance Limited,1023,Rs. 443.0,Rs. 423.2,Rs. 438.0,13.5,38621,16779181.3,424.5,3.18,"11 June, 2024"
RNLI,Reliable Nepal Life Insurance Limited,735,Rs. 444.2,Rs. 434.0,Rs. 434.0,-4.0,26088,11405741.4,438.0,-0.91,"12 June, 2024"
RNLI,Reliable Nepal Life Insurance Limited,617,Rs. 442.6,Rs. 429.2,Rs. 431.6,-2.4,27863,12048536.4,434.0,-0.55,"13 June, 2024"
RNLI,Reliable Nepal Life Insurance Limited,726,Rs. 434.9,Rs. 427.5,Rs. 428.0,-3.6,40074,17235133.3,431.6,-0.83,"16 June, 2024"
RNLI,Reliable Nepal Life Insurance Limited,684,Rs. 430.0,Rs. 424.5,Rs. 426.5,-1.5,30691,13070564.9,428.0,-0.35,"18 June, 2024"
RNLI,Reliable Nepal Life Insurance Limited,585,Rs. 429.0,Rs. 425.5,Rs. 426.3,-0.2,20615,8791949.1,426.5,-0.05,"19 June, 2024"
RNLI,Reliable Nepal Life Insurance Limited,531,Rs. 428.0,Rs. 423.1,Rs. 423.1,-3.2,22044,9361573.6,426.3,-0.75,"20 June, 2024"
RNLI,Reliable Nepal Life Insurance Limited,720,Rs. 424.0,Rs. 420.0,Rs. 420.1,-3.0,33979,14339070.0,423.1,-0.71,"23 June, 2024"
RNLI,Reliable Nepal Life Insurance Limited,674,Rs. 426.0,Rs. 419.5,Rs. 421.1,1.0,23432,9897090.2,420.1,0.24,"24 June, 2024"
RNLI,Reliable Nepal Life Insurance Limited,640,Rs. 426.0,Rs. 421.1,Rs. 424.1,3.0,19270,8157877.0,421.1,0.71,"25 June, 2024"
RNLI,Reliable Nepal Life Insurance Limited,522,Rs. 425.0,Rs. 420.0,Rs. 420.1,-4.0,19674,8296476.3,424.1,-0.94,"26 June, 2024"
RNLI,Reliable Nepal Life Insurance Limited,491,Rs. 423.0,Rs. 415.1,Rs. 418.5,-1.6,21651,9077148.9,420.1,-0.38,"27 June, 2024"
RNLI,Reliable Nepal Life Insurance Limited,610,Rs. 421.0,Rs. 415.0,Rs. 418.5,0.0,29396,12283890.6,418.5,0.0,"30 June, 2024"
RNLI,Reliable Nepal Life Insurance Limited,596,Rs. 423.5,Rs. 417.0,Rs. 421.1,2.6,23766,9996892.8,418.5,0.62,"01 July, 2024"
RNLI,Reliable Nepal Life Insurance Limited,590,Rs. 446.7,Rs. 425.6,Rs. 429.3,8.2,28451,12261352.8,421.1,1.95,"02 July, 2024"
RNLI,Reliable Nepal Life Insurance Limited,459,Rs. 431.0,Rs. 422.1,Rs. 427.0,-2.3,21668,9241395.3,429.3,-0.54,"03 July, 2024"
RNLI,Reliable Nepal Life Insurance Limited,1207,Rs. 441.0,Rs. 426.2,Rs. 437.0,10.0,75225,32762041.2,427.0,2.34,"04 July, 2024"
RNLI,Reliable Nepal Life Insurance Limited,1500,Rs. 455.0,Rs. 438.1,Rs. 453.4,16.4,129248,57996497.4,437.0,3.75,"07 July, 2024"
RNLI,Reliable Nepal Life Insurance Limited,858,Rs. 462.4,Rs. 444.0,Rs. 445.0,-8.4,71296,32003942.9,453.4,-1.85,"08 July, 2024"
RNLI,Reliable Nepal Life Insurance Limited,734,Rs. 451.6,Rs. 443.0,Rs. 445.6,0.6,41407,18498751.9,445.0,0.13,"09 July, 2024"
RNLI,Reliable Nepal Life Insurance Limited,1021,Rs. 457.9,Rs. 443.0,Rs. 455.3,9.7,71847,32617857.0,445.6,2.18,"10 July, 2024"
RNLI,Reliable Nepal Life Insurance Limited,1223,Rs. 466.0,Rs. 456.0,Rs. 463.0,7.7,77138,35624943.7,455.3,1.69,"11 July, 2024"
RNLI,Reliable Nepal Life Insurance Limited,1024,Rs. 490.0,Rs. 463.0,Rs. 469.1,6.1,63941,30177930.9,463.0,1.32,"14 July, 2024"
RNLI,Reliable Nepal Life Insurance Limited,1140,Rs. 473.8,Rs. 450.0,Rs. 472.0,14.0,74627,34806157.3,458.0,3.06,"16 July, 2024"
RNLI,Reliable Nepal Life Insurance Limited,1428,Rs. 488.0,Rs. 474.0,Rs. 486.0,14.0,104184,50111029.3,472.0,2.97,"17 July, 2024"
RNLI,Reliable Nepal Life Insurance Limited,1852,Rs. 501.5,Rs. 477.5,Rs. 486.8,0.8,178524,87461764.7,486.0,0.16,"18 July, 2024"
RNLI,Reliable Nepal Life Insurance Limited,1743,Rs. 503.0,Rs. 479.0,Rs. 495.0,8.2,152468,75713084.2,486.8,1.68,"21 July, 2024"
RNLI,Reliable Nepal Life Insurance Limited,1890,Rs. 508.0,Rs. 485.2,Rs. 506.0,11.0,214796,106398874.2,495.0,2.22,"22 July, 2024"
RNLI,Reliable Nepal Life Insurance Limited,2296,Rs. 532.0,Rs. 498.0,Rs. 527.0,21.0,181734,94003668.1,506.0,4.15,"23 July, 2024"
RNLI,Reliable Nepal Life Insurance Limited,2024,Rs. 540.6,Rs. 512.0,Rs. 519.0,-8.0,200145,104309860.9,527.0,-1.52,"24 July, 2024"
RNLI,Reliable Nepal Life Insurance Limited,1741,Rs. 529.0,Rs. 507.0,Rs. 517.0,-2.0,114543,59170472.4,519.0,-0.39,"25 July, 2024"
RNLI,Reliable Nepal Life Insurance Limited,2022,Rs. 526.3,Rs. 500.0,Rs. 513.6,-2.4,121846,62302978.8,516.0,-0.47,"30 July, 2024"
RNLI,Reliable Nepal Life Insurance Limited,2998,Rs. 535.9,Rs. 518.0,Rs. 532.0,18.4,255491,135176128.5,513.6,3.58,"31 July, 2024"
RNLI,Reliable Nepal Life Insurance Limited,3458,Rs. 570.0,Rs. 531.0,Rs. 548.0,16.0,396350,220003005.79,532.0,3.01,"01 August, 2024"
RNLI,Reliable Nepal Life Insurance Limited,3091,Rs. 570.0,Rs. 547.0,Rs. 565.0,17.0,245524,136793587.2,548.0,3.1,"05 August, 2024"
RNLI,Reliable Nepal Life Insurance Limited,2640,Rs. 568.0,Rs. 521.6,Rs. 527.0,-38.0,224897,121902454.1,565.0,-6.73,"06 August, 2024"
RNLI,Reliable Nepal Life Insurance Limited,2676,Rs. 545.8,Rs. 518.1,Rs. 542.0,15.0,136248,72893532.9,527.0,2.85,"07 August, 2024"
RNLI,Reliable Nepal Life Insurance Limited,2294,Rs. 561.0,Rs. 537.1,Rs. 538.1,-3.9,200111,108950624.6,542.0,-0.72,"08 August, 2024"
RNLI,Reliable Nepal Life Insurance Limited,3231,Rs. 563.9,Rs. 527.4,Rs. 560.0,21.9,212949,118097583.0,538.1,4.07,"11 August, 2024"
RNLI,Reliable Nepal Life Insurance Limited,3687,Rs. 600.1,Rs. 567.0,Rs. 587.0,27.0,271072,157976606.9,560.0,4.82,"12 August, 2024"
RNLI,Reliable Nepal Life Insurance Limited,2455,Rs. 599.0,Rs. 570.0,Rs. 580.0,-7.0,183611,107225319.5,587.0,-1.19,"13 August, 2024"
RNLI,Reliable Nepal Life Insurance Limited,2194,Rs. 590.0,Rs. 565.0,Rs. 588.0,8.0,120483,69446489.3,580.0,1.38,"14 August, 2024"
RNLI,Reliable Nepal Life Insurance Limited,2891,Rs. 594.0,Rs. 575.0,Rs. 578.1,-9.9,209568,121842027.5,588.0,-1.68,"15 August, 2024"
RNLI,Reliable Nepal Life Insurance Limited,2730,Rs. 591.0,Rs. 568.1,Rs. 572.0,-6.1,179319,103511841.5,578.1,-1.06,"18 August, 2024"
RNLI,Reliable Nepal Life Insurance Limited,2111,Rs. 580.0,Rs. 560.7,Rs. 561.0,-11.0,88457,50053605.0,572.0,-1.92,"21 August, 2024"
RNLI,Reliable Nepal Life Insurance Limited,2436,Rs. 571.0,Rs. 557.0,Rs. 560.0,-1.0,101945,57464148.2,561.0,-0.18,"22 August, 2024"
RNLI,Reliable Nepal Life Insurance Limited,1987,Rs. 571.0,Rs. 545.0,Rs. 549.0,-11.0,101514,56375078.2,560.0,-1.96,"25 August, 2024"
RNLI,Reliable Nepal Life Insurance Limited,2670,Rs. 550.0,Rs. 520.0,Rs. 525.0,-24.0,156761,83373029.5,549.0,-4.37,"27 August, 2024"
RNLI,Reliable Nepal Life Insurance Limited,1676,Rs. 542.0,Rs. 516.2,Rs. 530.0,5.0,99903,52624353.0,525.0,0.95,"28 August, 2024"
RNLI,Reliable Nepal Life Insurance Limited,1416,Rs. 536.0,Rs. 513.0,Rs. 521.0,-9.0,67090,34980248.0,530.0,-1.7,"29 August, 2024"
RNLI,Reliable Nepal Life Insurance Limited,1386,Rs. 526.0,Rs. 510.0,Rs. 515.0,-6.0,64746,33416939.0,521.0,-1.15,"01 September, 2024"
RNLI,Reliable Nepal Life Insurance Limited,1589,Rs. 535.0,Rs. 511.0,Rs. 534.0,19.0,82977,43624335.8,515.0,3.69,"02 September, 2024"
RNLI,Reliable Nepal Life Insurance Limited,1443,Rs. 548.0,Rs. 527.4,Rs. 540.0,6.0,107354,57846740.3,534.0,1.12,"03 September, 2024"
RNLI,Reliable Nepal Life Insurance Limited,1054,Rs. 545.0,Rs. 518.1,Rs. 522.0,-18.0,97555,51774464.9,540.0,-3.33,"04 September, 2024"
RNLI,Reliable Nepal Life Insurance Limited,762,Rs. 526.3,Rs. 512.2,Rs. 525.0,3.0,52569,27211127.6,522.0,0.57,"05 September, 2024"
RNLI,Reliable Nepal Life Insurance Limited,825,Rs. 525.0,Rs. 513.1,Rs. 516.0,-9.0,35272,18303284.9,525.0,-1.71,"08 September, 2024"
RNLI,Reliable Nepal Life Insurance Limited,949,Rs. 515.0,Rs. 500.0,Rs. 504.0,-12.0,62063,31301267.9,516.0,-2.33,"09 September, 2024"
RNLI,Reliable Nepal Life Insurance Limited,895,Rs. 510.0,Rs. 499.0,Rs. 500.0,-4.0,44392,22310594.2,504.0,-0.79,"10 September, 2024"
RNLI,Reliable Nepal Life Insurance Limited,814,Rs. 503.0,Rs. 491.0,Rs. 494.0,-6.0,40293,20072190.2,500.0,-1.2,"11 September, 2024"
RNLI,Reliable Nepal Life Insurance Limited,833,Rs. 508.9,Rs. 490.1,Rs. 506.0,12.0,28805,14396594.2,494.0,2.43,"12 September, 2024"
RNLI,Reliable Nepal Life Insurance Limited,851,Rs. 516.0,Rs. 492.0,Rs. 498.0,-8.0,59903,30104760.9,506.0,-1.58,"15 September, 2024"
RNLI,Reliable Nepal Life Insurance Limited,608,Rs. 497.9,Rs. 485.0,Rs. 487.0,-11.0,31018,15192438.1,498.0,-2.21,"16 September, 2024"
RNLI,Reliable Nepal Life Insurance Limited,745,Rs. 500.0,Rs. 481.0,Rs. 481.0,-6.0,43371,21030479.1,487.0,-1.23,"18 September, 2024"
RNLI,Reliable Nepal Life Insurance Limited,737,Rs. 499.8,Rs. 478.7,Rs. 483.9,2.9,26796,12961791.5,481.0,0.6,"22 September, 2024"
RNLI,Reliable Nepal Life Insurance Limited,591,Rs. 483.0,Rs. 473.0,Rs. 474.0,-9.9,28974,13815565.5,483.9,-2.05,"23 September, 2024"
RNLI,Reliable Nepal Life Insurance Limited,691,Rs. 479.0,Rs. 468.0,Rs. 470.2,-3.8,35339,16658707.6,474.0,-0.8,"24 September, 2024"
RNLI,Reliable Nepal Life Insurance Limited,598,Rs. 480.0,Rs. 466.2,Rs. 475.0,4.8,24635,11666449.6,470.2,1.02,"25 September, 2024"
RNLI,Reliable Nepal Life Insurance Limited,466,Rs. 483.4,Rs. 471.0,Rs. 471.2,-3.8,25538,12071615.9,475.0,-0.8,"26 September, 2024"
RNLI,Reliable Nepal Life Insurance Limited,450,Rs. 470.6,Rs. 463.1,Rs. 468.0,-3.2,15811,7367944.9,471.2,-0.68,"29 September, 2024"
RNLI,Reliable Nepal Life Insurance Limited,430,Rs. 479.4,Rs. 460.1,Rs. 475.2,7.2,14793,7007162.9,468.0,1.54,"30 September, 2024"
RNLI,Reliable Nepal Life Insurance Limited,627,Rs. 495.0,Rs. 472.0,Rs. 495.0,19.8,29910,14596643.3,475.2,4.17,"01 October, 2024"
RNLI,Reliable Nepal Life Insurance Limited,522,Rs. 503.0,Rs. 485.1,Rs. 498.5,3.5,34539,17035740.5,495.0,0.71,"02 October, 2024"
RNLI,Reliable Nepal Life Insurance Limited,633,Rs. 506.0,Rs. 488.8,Rs. 506.0,7.5,25131,12573032.8,498.5,1.5,"06 October, 2024"
RNLI,Reliable Nepal Life Insurance Limited,496,Rs. 515.0,Rs. 506.2,Rs. 510.0,4.0,41456,21218192.9,506.0,0.79,"07 October, 2024"
RNLI,Reliable Nepal Life Insurance Limited,261,Rs. 512.9,Rs. 497.1,Rs. 500.0,-10.0,20798,10452001.4,510.0,-1.96,"08 October, 2024"
RNLI,Reliable Nepal Life Insurance Limited,199,Rs. 504.8,Rs. 490.3,Rs. 502.0,2.0,15526,7718498.4,500.0,0.4,"09 October, 2024"
RNLI,Reliable Nepal Life Insurance Limited,269,Rs. 510.0,Rs. 496.0,Rs. 507.8,5.8,9759,4942185.3,502.0,1.16,"15 October, 2024"
RNLI,Reliable Nepal Life Insurance Limited,499,Rs. 517.5,Rs. 506.0,Rs. 512.2,4.4,26041,13376203.4,507.8,0.87,"16 October, 2024"
RNLI,Reliable Nepal Life Insurance Limited,615,Rs. 520.0,Rs. 508.5,Rs. 514.0,1.8,38152,19638056.2,512.2,0.35,"17 October, 2024"
RNLI,Reliable Nepal Life Insurance Limited,664,Rs. 516.0,Rs. 500.0,Rs. 505.0,-9.0,42842,21760871.2,514.0,-1.75,"20 October, 2024"
RNLI,Reliable Nepal Life Insurance Limited,574,Rs. 505.0,Rs. 493.0,Rs. 496.0,-9.0,40000,19862584.9,505.0,-1.78,"21 October, 2024"
RNLI,Reliable Nepal Life Insurance Limited,583,Rs. 500.0,Rs. 484.0,Rs. 494.0,-2.0,62021,30534474.7,496.0,-0.4,"22 October, 2024"
RNLI,Reliable Nepal Life Insurance Limited,501,Rs. 514.0,Rs. 494.0,Rs. 497.0,3.0,27266,13531656.8,494.0,0.61,"23 October, 2024"
RNLI,Reliable Nepal Life Insurance Limited,421,Rs. 495.0,Rs. 489.0,Rs. 490.0,-7.0,14570,7161638.6,497.0,-1.41,"24 October, 2024"
RNLI,Reliable Nepal Life Insurance Limited,592,Rs. 510.0,Rs. 485.2,Rs. 495.6,5.6,25444,12670019.9,490.0,1.14,"27 October, 2024"
RNLI,Reliable Nepal Life Insurance Limited,504,Rs. 505.0,Rs. 495.0,Rs. 501.0,5.4,29286,14686406.7,495.6,1.09,"28 October, 2024"
RNLI,Reliable Nepal Life Insurance Limited,617,Rs. 515.0,Rs. 498.0,Rs. 509.2,8.2,40082,20360209.9,501.0,1.64,"29 October, 2024"
RNLI,Reliable Nepal Life Insurance Limited,369,Rs. 517.9,Rs. 505.2,Rs. 510.4,1.2,29858,15254175.3,509.2,0.24,"30 October, 2024"
RNLI,Reliable Nepal Life Insurance Limited,481,Rs. 518.0,Rs. 505.2,Rs. 513.9,3.5,22017,11293995.4,510.4,0.69,"05 November, 2024"
RNLI,Reliable Nepal Life Insurance Limited,598,Rs. 523.9,Rs. 512.2,Rs. 517.0,3.1,45572,23563080.1,513.9,0.6,"06 November, 2024"
RNLI,Reliable Nepal Life Insurance Limited,1095,Rs. 545.0,Rs. 514.0,Rs. 535.0,18.0,67584,35915421.8,517.0,3.48,"10 November, 2024"
RNLI,Reliable Nepal Life Insurance Limited,947,Rs. 549.9,Rs. 526.1,Rs. 537.0,2.0,95279,51348174.9,535.0,0.37,"11 November, 2024"
RNLI,Reliable Nepal Life Insurance Limited,602,Rs. 546.0,Rs. 527.1,Rs. 531.0,-6.0,38778,20658914.9,537.0,-1.12,"12 November, 2024"
RNLI,Reliable Nepal Life Insurance Limited,523,Rs. 531.0,Rs. 520.4,Rs. 524.8,-6.2,40924,21481292.8,531.0,-1.17,"13 November, 2024"
RNLI,Reliable Nepal Life Insurance Limited,826,Rs. 535.0,Rs. 515.1,Rs. 530.0,5.2,47050,24880449.6,524.8,0.99,"14 November, 2024"
RNLI,Reliable Nepal Life Insurance Limited,1029,Rs. 551.0,Rs. 535.1,Rs. 537.0,7.0,80827,43607377.1,530.0,1.32,"17 November, 2024"
RNLI,Reliable Nepal Life Insurance Limited,737,Rs. 547.0,Rs. 520.3,Rs. 522.9,-14.1,58069,30663073.2,537.0,-2.63,"19 November, 2024"
RNLI,Reliable Nepal Life Insurance Limited,562,Rs. 525.0,Rs. 516.0,Rs. 519.0,-3.9,33315,17324936.2,522.9,-0.75,"20 November, 2024"
RNLI,Reliable Nepal Life Insurance Limited,566,Rs. 524.0,Rs. 511.0,Rs. 512.0,-7.0,41105,21247571.6,519.0,-1.35,"21 November, 2024"
RNLI,Reliable Nepal Life Insurance Limited,545,Rs. 513.6,Rs. 503.6,Rs. 509.0,1.0,24154,12291636.1,508.0,0.2,"25 November, 2024"
RNLI,Reliable Nepal Life Insurance Limited,567,Rs. 516.6,Rs. 505.0,Rs. 514.7,5.7,31414,16032699.8,509.0,1.12,"26 November, 2024"
RNLI,Reliable Nepal Life Insurance Limited,870,Rs. 542.0,Rs. 508.1,Rs. 528.0,13.3,48720,25560962.7,514.7,2.58,"27 November, 2024"
RNLI,Reliable Nepal Life Insurance Limited,485,Rs. 535.0,Rs. 517.5,Rs. 519.0,-9.0,32225,16862271.2,528.0,-1.7,"28 November, 2024"
RNLI,Reliable Nepal Life Insurance Limited,578,Rs. 517.0,Rs. 511.0,Rs. 516.5,-2.5,29970,15418514.1,519.0,-0.48,"01 December, 2024"
RNLI,Reliable Nepal Life Insurance Limited,733,Rs. 526.0,Rs. 510.0,Rs. 520.0,3.5,38879,20192753.5,516.5,0.68,"02 December, 2024"
RNLI,Reliable Nepal Life Insurance Limited,638,Rs. 528.4,Rs. 515.0,Rs. 517.0,-3.0,41703,21773507.2,520.0,-0.58,"03 December, 2024"
RNLI,Reliable Nepal Life Insurance Limited,908,Rs. 530.0,Rs. 514.2,Rs. 523.0,6.0,56469,29594945.3,517.0,1.16,"04 December, 2024"
RNLI,Reliable Nepal Life Insurance Limited,604,Rs. 526.5,Rs. 518.0,Rs. 521.0,-2.0,54710,28558537.0,523.0,-0.38,"05 December, 2024"
RNLI,Reliable Nepal Life Insurance Limited,595,Rs. 524.9,Rs. 511.1,Rs. 515.9,-5.1,52931,27288180.5,521.0,-0.98,"08 December, 2024"
RNLI,Reliable Nepal Life Insurance Limited,476,Rs. 520.1,Rs. 512.0,Rs. 516.0,0.1,44413,22887073.1,515.9,0.02,"09 December, 2024"
RNLI,Reliable Nepal Life Insurance Limited,417,Rs. 526.3,Rs. 512.0,Rs. 513.5,-2.5,23492,12118799.4,516.0,-0.48,"10 December, 2024"
RNLI,Reliable Nepal Life Insurance Limited,409,Rs. 523.0,Rs. 508.0,Rs. 520.0,6.5,22016,11302114.7,513.5,1.27,"11 December, 2024"
RNLI,Reliable Nepal Life Insurance Limited,501,Rs. 522.2,Rs. 512.0,Rs. 513.1,-6.9,34927,18055168.4,520.0,-1.33,"12 December, 2024"
RNLI,Reliable Nepal Life Insurance Limited,449,Rs. 513.0,Rs. 505.3,Rs. 506.9,-6.2,30117,15300578.8,513.1,-1.21,"16 December, 2024"
RNLI,Reliable Nepal Life Insurance Limited,433,Rs. 510.0,Rs. 500.3,Rs. 506.2,-0.7,17408,8813435.1,506.9,-0.14,"17 December, 2024"
RNLI,Reliable Nepal Life Insurance Limited,334,Rs. 510.0,Rs. 500.0,Rs. 505.0,-1.2,20015,10132549.2,506.2,-0.24,"18 December, 2024"
RNLI,Reliable Nepal Life Insurance Limited,444,Rs. 505.0,Rs. 499.5,Rs. 500.0,-5.0,50963,25530824.6,505.0,-0.99,"19 December, 2024"
RNLI,Reliable Nepal Life Insurance Limited,464,Rs. 504.0,Rs. 495.3,Rs. 495.3,-4.7,24847,12402211.7,500.0,-0.94,"22 December, 2024"
RNLI,Reliable Nepal Life Insurance Limited,449,Rs. 505.0,Rs. 492.3,Rs. 500.5,5.2,18605,9276879.0,495.3,1.05,"23 December, 2024"
RNLI,Reliable Nepal Life Insurance Limited,432,Rs. 507.0,Rs. 496.6,Rs. 503.8,3.3,22033,11075353.6,500.5,0.66,"24 December, 2024"
RNLI,Reliable Nepal Life Insurance Limited,409,Rs. 505.8,Rs. 495.1,Rs. 499.0,-4.8,18280,9134415.0,503.8,-0.95,"26 December, 2024"
RNLI,Reliable Nepal Life Insurance Limited,452,Rs. 500.0,Rs. 493.8,Rs. 495.8,-3.2,21638,10743057.7,499.0,-0.64,"29 December, 2024"
RNLI,Reliable Nepal Life Insurance Limited,428,Rs. 495.6,Rs. 485.9,Rs. 494.9,-0.9,25897,12683647.8,495.8,-0.18,"31 December, 2024"
RNLI,Reliable Nepal Life Insurance Limited,299,Rs. 495.0,Rs. 490.1,Rs. 494.8,-0.1,12359,6087119.6,494.9,-0.02,"01 January, 2025"
RNLI,Reliable Nepal Life Insurance Limited,412,Rs. 503.0,Rs. 492.1,Rs. 500.8,6.0,16004,7983531.9,494.8,1.21,"02 January, 2025"
RNLI,Reliable Nepal Life Insurance Limited,459,Rs. 501.0,Rs. 493.0,Rs. 498.2,-2.6,15619,7782730.5,500.8,-0.52,"05 January, 2025"
RNLI,Reliable Nepal Life Insurance Limited,690,Rs. 509.0,Rs. 497.0,Rs. 507.0,8.8,34052,17180735.6,498.2,1.77,"06 January, 2025"
RNLI,Reliable Nepal Life Insurance Limited,664,Rs. 516.0,Rs. 505.7,Rs. 515.0,8.0,47641,24367176.5,507.0,1.58,"07 January, 2025"
RNLI,Reliable Nepal Life Insurance Limited,632,Rs. 523.5,Rs. 512.1,Rs. 519.0,4.0,33319,17304335.4,515.0,0.78,"08 January, 2025"
RNLI,Reliable Nepal Life Insurance Limited,513,Rs. 518.0,Rs. 507.6,Rs. 510.0,-9.0,32872,16802071.4,519.0,-1.73,"09 January, 2025"
RNLI,Reliable Nepal Life Insurance Limited,385,Rs. 510.0,Rs. 506.2,Rs. 507.9,-2.1,15393,7808154.8,510.0,-0.41,"12 January, 2025"
RNLI,Reliable Nepal Life Insurance Limited,485,Rs. 512.9,Rs. 500.0,Rs. 509.0,1.1,29103,14678477.3,507.9,0.22,"13 January, 2025"
RNLI,Reliable Nepal Life Insurance Limited,497,Rs. 515.0,Rs. 502.0,Rs. 511.0,2.0,22572,11533621.2,509.0,0.39,"15 January, 2025"
RNLI,Reliable Nepal Life Insurance Limited,439,Rs. 514.9,Rs. 504.0,Rs. 513.0,2.0,18714,9515162.0,511.0,0.39,"16 January, 2025"
RNLI,Reliable Nepal Life Insurance Limited,602,Rs. 517.0,Rs. 503.0,Rs. 515.0,2.0,26260,13472675.5,513.0,0.39,"19 January, 2025"
RNLI,Reliable Nepal Life Insurance Limited,543,Rs. 520.0,Rs. 510.1,Rs. 515.5,0.5,31337,16178097.7,515.0,0.1,"20 January, 2025"
RNLI,Reliable Nepal Life Insurance Limited,787,Rs. 524.9,Rs. 506.1,Rs. 524.9,9.4,37482,19530748.0,515.5,1.82,"21 January, 2025"
RNLI,Reliable Nepal Life Insurance Limited,735,Rs. 529.0,Rs. 521.8,Rs. 526.8,1.9,55332,29113116.8,524.9,0.36,"22 January, 2025"
RNLI,Reliable Nepal Life Insurance Limited,750,Rs. 534.0,Rs. 521.2,Rs. 526.0,-0.8,49465,26100041.2,526.8,-0.15,"23 January, 2025"
RNLI,Reliable Nepal Life Insurance Limited,692,Rs. 530.0,Rs. 521.2,Rs. 522.5,-3.5,34774,18277801.5,526.0,-0.67,"26 January, 2025"
RNLI,Reliable Nepal Life Insurance Limited,596,Rs. 530.0,Rs. 514.1,Rs. 522.8,0.3,41287,21637298.6,522.5,0.06,"27 January, 2025"
RNLI,Reliable Nepal Life Insurance Limited,697,Rs. 527.0,Rs. 517.0,Rs. 522.8,0.0,54502,28394229.5,522.8,0.0,"28 January, 2025"
RNLI,Reliable Nepal Life Insurance Limited,1203,Rs. 540.0,Rs. 522.5,Rs. 539.0,16.2,97068,51889679.5,522.8,3.1,"02 February, 2025"
RNLI,Reliable Nepal Life Insurance Limited,1316,Rs. 555.8,Rs. 527.0,Rs. 548.0,9.0,208551,114217115.74,539.0,1.67,"03 February, 2025"
RNLI,Reliable Nepal Life Insurance Limited,1285,Rs. 562.0,Rs. 545.2,Rs. 559.9,11.9,124843,69411044.2,548.0,2.17,"04 February, 2025"
RNLI,Reliable Nepal Life Insurance Limited,929,Rs. 565.0,Rs. 556.0,Rs. 563.9,4.0,113932,63814648.9,559.9,0.71,"05 February, 2025"
RNLI,Reliable Nepal Life Insurance Limited,738,Rs. 574.9,Rs. 555.0,Rs. 557.0,-6.9,140028,78378075.7,563.9,-1.22,"06 February, 2025"
RNLI,Reliable Nepal Life Insurance Limited,790,Rs. 565.0,Rs. 550.1,Rs. 554.0,-3.0,108711,60498980.4,557.0,-0.54,"09 February, 2025"
RNLI,Reliable Nepal Life Insurance Limited,675,Rs. 554.0,Rs. 544.0,Rs. 549.0,-5.0,96850,52985140.1,554.0,-0.9,"10 February, 2025"
RNLI,Reliable Nepal Life Insurance Limited,707,Rs. 556.9,Rs. 550.1,Rs. 552.9,3.9,90570,50045751.0,549.0,0.71,"11 February, 2025"
RNLI,Reliable Nepal Life Insurance Limited,832,Rs. 573.2,Rs. 552.0,Rs. 562.0,9.1,105966,59579781.9,552.9,1.65,"12 February, 2025"
RNLI,Reliable Nepal Life Insurance Limited,625,Rs. 569.0,Rs. 553.0,Rs. 553.0,-9.0,65148,36425313.8,562.0,-1.6,"13 February, 2025"
RNLI,Reliable Nepal Life Insurance Limited,983,Rs. 564.0,Rs. 550.1,Rs. 562.0,9.0,67471,37801712.6,553.0,1.63,"16 February, 2025"
RNLI,Reliable Nepal Life Insurance Limited,874,Rs. 570.0,Rs. 562.0,Rs. 568.0,6.0,99661,56515145.4,562.0,1.07,"17 February, 2025"
RNLI,Reliable Nepal Life Insurance Limited,1000,Rs. 577.0,Rs. 562.0,Rs. 567.0,-1.0,164742,93769778.4,568.0,-0.18,"18 February, 2025"
RNLI,Reliable Nepal Life Insurance Limited,1101,Rs. 575.0,Rs. 556.0,Rs. 573.0,6.0,159295,90399563.5,567.0,1.06,"20 February, 2025"
RNLI,Reliable Nepal Life Insurance Limited,1075,Rs. 576.0,Rs. 556.0,Rs. 575.0,2.0,174237,99530851.5,573.0,0.35,"23 February, 2025"
RNLI,Reliable Nepal Life Insurance Limited,903,Rs. 578.0,Rs. 560.0,Rs. 560.0,-15.0,94899,54042190.7,575.0,-2.61,"24 February, 2025"
RNLI,Reliable Nepal Life Insurance Limited,840,Rs. 566.0,Rs. 553.1,Rs. 554.0,-6.0,45631,25437621.85,560.0,-1.07,"25 February, 2025"
RNLI,Reliable Nepal Life Insurance Limited,1035,Rs. 576.0,Rs. 554.0,Rs. 567.0,13.0,124023,70307203.5,554.0,2.35,"27 February, 2025"
RNLI,Reliable Nepal Life Insurance Limited,1433,Rs. 590.0,Rs. 567.0,Rs. 582.9,15.9,186981,108524780.4,567.0,2.8,"02 March, 2025"
RNLI,Reliable Nepal Life Insurance Limited,1396,Rs. 593.0,Rs. 575.0,Rs. 581.0,-1.9,194373,113799557.1,582.9,-0.33,"03 March, 2025"
RNLI,Reliable Nepal Life Insurance Limited,981,Rs. 590.0,Rs. 568.0,Rs. 570.0,-11.0,135852,78934100.9,581.0,-1.89,"04 March, 2025"
RNLI,Reliable Nepal Life Insurance Limited,888,Rs. 571.9,Rs. 560.1,Rs. 569.8,-0.2,118893,67246434.2,570.0,-0.04,"05 March, 2025"
RNLI,Reliable Nepal Life Insurance Limited,724,Rs. 574.0,Rs. 560.2,Rs. 574.0,4.2,61586,34936522.0,569.8,0.74,"06 March, 2025"
RNLI,Reliable Nepal Life Insurance Limited,861,Rs. 581.0,Rs. 560.2,Rs. 563.1,-10.9,104344,59040868.1,574.0,-1.9,"09 March, 2025"
RNLI,Reliable Nepal Life Insurance Limited,738,Rs. 570.9,Rs. 558.1,Rs. 563.0,-0.1,107896,60599324.6,563.1,-0.02,"10 March, 2025"
RNLI,Reliable Nepal Life Insurance Limited,693,Rs. 572.0,Rs. 550.0,Rs. 552.0,-11.0,87554,49046337.1,563.0,-1.95,"11 March, 2025"
RNLI,Reliable Nepal Life Insurance Limited,879,Rs. 570.0,Rs. 552.0,Rs. 570.0,18.0,101273,56727748.66,552.0,3.26,"12 March, 2025"
RNLI,Reliable Nepal Life Insurance Limited,896,Rs. 577.0,Rs. 566.3,Rs. 575.0,5.0,141638,80563281.4,570.0,0.88,"16 March, 2025"
RNLI,Reliable Nepal Life Insurance Limited,732,Rs. 583.0,Rs. 566.5,Rs. 575.0,0.0,129451,73943650.3,575.0,0.0,"17 March, 2025"
RNLI,Reliable Nepal Life Insurance Limited,485,Rs. 586.5,Rs. 562.1,Rs. 565.0,-10.0,87850,49776887.8,575.0,-1.74,"18 March, 2025"
RNLI,Reliable Nepal Life Insurance Limited,511,Rs. 566.0,Rs. 549.0,Rs. 550.0,-15.0,63467,35150543.9,565.0,-2.65,"19 March, 2025"
RNLI,Reliable Nepal Life Insurance Limited,512,Rs. 555.0,Rs. 542.1,Rs. 547.34,-2.66,69391,37817742.9,550.0,-0.48,"20 March, 2025"
RNLI,Reliable Nepal Life Insurance Limited,553,Rs. 548.7,Rs. 531.5,Rs. 531.77,-15.57,110510,59716845.1,547.34,-2.84,"23 March, 2025"
RNLI,Reliable Nepal Life Insurance Limited,579,Rs. 545.0,Rs. 521.0,Rs. 536.84,5.07,85320,45276737.1,531.77,0.95,"24 March, 2025"
RNLI,Reliable Nepal Life Insurance Limited,431,Rs. 537.0,Rs. 515.0,Rs. 521.23,-15.61,74570,39297633.9,536.84,-2.91,"25 March, 2025"
RNLI,Reliable Nepal Life Insurance Limited,503,Rs. 545.0,Rs. 519.2,Rs. 535.87,14.64,70480,37371007.1,521.23,2.81,"26 March, 2025"
RNLI,Reliable Nepal Life Insurance Limited,635,Rs. 549.0,Rs. 520.0,Rs. 544.22,8.35,100760,54216930.5,535.87,1.56,"27 March, 2025"
RNLI,Reliable Nepal Life Insurance Limited,842,Rs. 555.0,Rs. 536.0,Rs. 552.22,8.0,174878,95773793.8,544.22,1.47,"30 March, 2025"
RNLI,Reliable Nepal Life Insurance Limited,491,Rs. 554.9,Rs. 540.0,Rs. 549.91,-2.31,79154,43266872.4,552.22,-0.42,"01 April, 2025"
RNLI,Reliable Nepal Life Insurance Limited,427,Rs. 555.0,Rs. 541.0,Rs. 549.0,-0.91,51578,28415891.6,549.91,-0.17,"02 April, 2025"
RNLI,Reliable Nepal Life Insurance Limited,508,Rs. 554.5,Rs. 543.0,Rs. 543.79,-5.21,114506,62762469.7,549.0,-0.95,"03 April, 2025"
RNLI,Reliable Nepal Life Insurance Limited,408,Rs. 547.0,Rs. 533.3,Rs. 537.12,-6.67,45587,24639841.8,543.79,-1.23,"07 April, 2025"
RNLI,Reliable Nepal Life Insurance Limited,442,Rs. 538.0,Rs. 524.0,Rs. 528.53,-8.59,45108,23845555.4,537.12,-1.6,"08 April, 2025"
RNLI,Reliable Nepal Life Insurance Limited,444,Rs. 539.0,Rs. 528.0,Rs. 534.33,5.8,78993,42251981.9,528.53,1.1,"09 April, 2025"
RNLI,Reliable Nepal Life Insurance Limited,395,Rs. 545.0,Rs. 534.1,Rs. 538.4,4.07,38220,20543406.6,534.33,0.76,"10 April, 2025"
RNLI,Reliable Nepal Life Insurance Limited,308,Rs. 540.0,Rs. 532.0,Rs. 533.75,-4.65,11672,6229760.5,538.4,-0.86,"13 April, 2025"
RNLI,Reliable Nepal Life Insurance Limited,394,Rs. 538.0,Rs. 525.1,Rs. 529.72,-4.03,22102,11782540.5,533.75,-0.76,"15 April, 2025"
RNLI,Reliable Nepal Life Insurance Limited,488,Rs. 548.0,Rs. 523.0,Rs. 539.35,9.63,58647,31487889.2,529.72,1.82,"16 April, 2025"
RNLI,Reliable Nepal Life Insurance Limited,671,Rs. 561.0,Rs. 540.1,Rs. 546.8,7.45,81681,44581889.5,539.35,1.38,"17 April, 2025"
RNLI,Reliable Nepal Life Insurance Limited,357,Rs. 544.8,Rs. 535.1,Rs. 535.72,-11.08,32171,17411849.4,546.8,-2.03,"20 April, 2025"
RNLI,Reliable Nepal Life Insurance Limited,435,Rs. 544.0,Rs. 528.1,Rs. 538.12,2.4,32847,17559580.5,535.72,0.45,"21 April, 2025"
RNLI,Reliable Nepal Life Insurance Limited,448,Rs. 540.0,Rs. 526.0,Rs. 527.41,-10.71,49396,26189719.7,538.12,-1.99,"22 April, 2025"
RNLI,Reliable Nepal Life Insurance Limited,367,Rs. 534.8,Rs. 520.0,Rs. 520.33,-7.08,43023,22466936.8,527.41,-1.34,"23 April, 2025"
RNLI,Reliable Nepal Life Insurance Limited,398,Rs. 523.0,Rs. 514.0,Rs. 518.52,-1.81,53032,27459961.8,520.33,-0.35,"24 April, 2025"
RNLI,Reliable Nepal Life Insurance Limited,581,Rs. 535.0,Rs. 516.0,Rs. 523.69,5.17,112455,59580047.8,518.52,1.0,"27 April, 2025"
RNLI,Reliable Nepal Life Insurance Limited,432,Rs. 534.8,Rs. 518.0,Rs. 519.73,-3.96,90906,47860905.0,523.69,-0.76,"28 April, 2025"
RNLI,Reliable Nepal Life Insurance Limited,318,Rs. 523.9,Rs. 514.0,Rs. 514.93,-4.8,29381,15208886.0,519.73,-0.92,"29 April, 2025"
RNLI,Reliable Nepal Life Insurance Limited,326,Rs. 520.0,Rs. 513.2,Rs. 515.02,0.09,52613,27123798.9,514.93,0.02,"30 April, 2025"
RNLI,Reliable Nepal Life Insurance Limited,476,Rs. 519.0,Rs. 510.5,Rs. 514.37,-0.65,64447,33212831.6,515.02,-0.13,"04 May, 2025"
RNLI,Reliable Nepal Life Insurance Limited,706,Rs. 534.3,Rs. 496.0,Rs. 504.46,-9.91,224490,113241160.4,514.37,-1.93,"05 May, 2025"
RNLI,Reliable Nepal Life Insurance Limited,564,Rs. 524.7,Rs. 505.3,Rs. 514.01,9.55,101001,52130103.1,504.46,1.89,"06 May, 2025"
RNLI,Reliable Nepal Life Insurance Limited,979,Rs. 527.5,Rs. 515.1,Rs. 522.38,8.37,190103,99125605.4,514.01,1.63,"07 May, 2025"
RNLI,Reliable Nepal Life Insurance Limited,865,Rs. 530.0,Rs. 510.0,Rs. 510.96,-11.42,174426,90050829.7,522.38,-2.19,"08 May, 2025"
RNLI,Reliable Nepal Life Insurance Limited,566,Rs. 516.9,Rs. 506.6,Rs. 509.14,-1.82,83109,42343171.1,510.96,-0.36,"11 May, 2025"
RNLI,Reliable Nepal Life Insurance Limited,672,Rs. 518.0,Rs. 503.3,Rs. 504.43,-4.71,75396,38218946.9,509.14,-0.93,"13 May, 2025"
RNLI,Reliable Nepal Life Insurance Limited,689,Rs. 509.9,Rs. 498.0,Rs. 498.81,-5.62,56922,28598143.8,504.43,-1.11,"14 May, 2025"
RNLI,Reliable Nepal Life Insurance Limited,687,Rs. 506.8,Rs. 494.3,Rs. 496.2,-2.61,68476,34087036.6,498.81,-0.52,"15 May, 2025"
RNLI,Reliable Nepal Life Insurance Limited,570,Rs. 505.9,Rs. 493.4,Rs. 496.13,-0.07,48662,24212012.3,496.2,-0.01,"18 May, 2025"
RNLI,Reliable Nepal Life Insurance Limited,454,Rs. 503.0,Rs. 496.1,Rs. 497.23,1.1,21048,10506257.1,496.13,0.22,"19 May, 2025"
RNLI,Reliable Nepal Life Insurance Limited,589,Rs. 518.0,Rs. 497.0,Rs. 514.74,17.51,46394,23585372.3,497.23,3.52,"20 May, 2025"
RNLI,Reliable Nepal Life Insurance Limited,664,Rs. 545.0,Rs. 515.9,Rs. 517.36,2.62,102289,53636051.2,514.74,0.51,"21 May, 2025"
RNLI,Reliable Nepal Life Insurance Limited,606,Rs. 527.7,Rs. 515.0,Rs. 516.83,-0.53,49440,25649289.1,517.36,-0.1,"22 May, 2025"
RNLI,Reliable Nepal Life Insurance Limited,518,Rs. 527.1,Rs. 512.0,Rs. 513.61,-3.22,32153,16585626.9,516.83,-0.62,"25 May, 2025"
RNLI,Reliable Nepal Life Insurance Limited,541,Rs. 534.2,Rs. 511.6,Rs. 512.51,-1.1,52388,27062218.3,513.61,-0.21,"26 May, 2025"
RNLI,Reliable Nepal Life Insurance Limited,471,Rs. 522.6,Rs. 507.1,Rs. 508.7,-3.81,42156,21533111.9,512.51,-0.74,"27 May, 2025"
RNLI,Reliable Nepal Life Insurance Limited,403,Rs. 513.9,Rs. 506.1,Rs. 509.95,1.25,24481,12455962.6,508.7,0.25,"28 May, 2025"
RNLI,Reliable Nepal Life Insurance Limited,626,Rs. 519.8,Rs. 512.1,Rs. 513.37,3.42,55405,28597890.7,509.95,0.67,"02 June, 2025"
RNLI,Reliable Nepal Life Insurance Limited,506,Rs. 517.9,Rs. 510.0,Rs. 511.54,-1.83,38169,19548138.9,513.37,-0.36,"03 June, 2025"
RNLI,Reliable Nepal Life Insurance Limited,467,Rs. 520.0,Rs. 501.4,Rs. 510.89,-0.65,26180,13306489.2,511.54,-0.13,"04 June, 2025"
RNLI,Reliable Nepal Life Insurance Limited,483,Rs. 513.9,Rs. 505.0,Rs. 508.98,-1.91,37635,19142527.4,510.89,-0.37,"05 June, 2025"
RNLI,Reliable Nepal Life Insurance Limited,1110,Rs. 514.5,Rs. 505.5,Rs. 506.99,-1.99,88911,45243686.4,508.98,-0.39,"08 June, 2025"
RNLI,Reliable Nepal Life Insurance Limited,554,Rs. 455.0,Rs. 440.0,Rs. 444.8,-7.87,50168,22316118.7,452.67,-1.74,"09 June, 2025"
RNLI,Reliable Nepal Life Insurance Limited,430,Rs. 457.9,Rs. 446.0,Rs. 452.56,7.76,26927,12186117.5,444.8,1.74,"10 June, 2025"
RNLI,Reliable Nepal Life Insurance Limited,258,Rs. 454.9,Rs. 446.1,Rs. 447.88,-4.68,18780,8426103.3,452.56,-1.03,"11 June, 2025"
RNLI,Reliable Nepal Life Insurance Limited,352,Rs. 447.0,Rs. 442.0,Rs. 443.95,-3.93,20647,9176376.5,447.88,-0.88,"12 June, 2025"
RNLI,Reliable Nepal Life Insurance Limited,378,Rs. 447.0,Rs. 443.0,Rs. 444.45,0.5,14184,6308587.7,443.95,0.11,"15 June, 2025"
RNLI,Reliable Nepal Life Insurance Limited,365,Rs. 447.0,Rs. 440.5,Rs. 444.18,-0.27,19820,8819456.7,444.45,-0.06,"16 June, 2025"
RNLI,Reliable Nepal Life Insurance Limited,286,Rs. 448.0,Rs. 441.2,Rs. 444.36,0.18,17202,7640992.5,444.18,0.04,"17 June, 2025"
RNLI,Reliable Nepal Life Insurance Limited,331,Rs. 448.5,Rs. 442.4,Rs. 443.9,-0.46,12894,5721995.4,444.36,-0.1,"18 June, 2025"
RNLI,Reliable Nepal Life Insurance Limited,332,Rs. 450.0,Rs. 441.0,Rs. 442.48,-1.42,22663,10025891.5,443.9,-0.32,"19 June, 2025"
RNLI,Reliable Nepal Life Insurance Limited,461,Rs. 441.0,Rs. 433.2,Rs. 433.84,-8.64,30116,13113085.7,442.48,-1.95,"22 June, 2025"
RNLI,Reliable Nepal Life Insurance Limited,310,Rs. 441.0,Rs. 432.0,Rs. 435.5,1.66,15422,6718002.1,433.84,0.38,"23 June, 2025"
RNLI,Reliable Nepal Life Insurance Limited,275,Rs. 440.0,Rs. 433.0,Rs. 434.06,-1.44,11544,5028946.1,435.5,-0.33,"24 June, 2025"
RNLI,Reliable Nepal Life Insurance Limited,280,Rs. 436.0,Rs. 431.2,Rs. 432.83,-1.23,10860,4702309.1,434.06,-0.28,"25 June, 2025"
RNLI,Reliable Nepal Life Insurance Limited,330,Rs. 435.9,Rs. 430.0,Rs. 430.42,-2.41,21505,9290372.4,432.83,-0.56,"26 June, 2025"
RNLI,Reliable Nepal Life Insurance Limited,357,Rs. 439.0,Rs. 430.0,Rs. 437.35,6.93,20776,9025085.6,430.42,1.61,"29 June, 2025"
RNLI,Reliable Nepal Life Insurance Limited,290,Rs. 444.5,Rs. 436.0,Rs. 439.76,2.41,15057,6632589.2,437.35,0.55,"30 June, 2025"
RNLI,Reliable Nepal Life Insurance Limited,377,Rs. 450.0,Rs. 440.0,Rs. 448.83,9.07,16532,7365164.0,439.76,2.06,"01 July, 2025"
RNLI,Reliable Nepal Life Insurance Limited,523,Rs. 462.7,Rs. 446.0,Rs. 459.5,10.67,41545,18973789.2,448.83,2.38,"02 July, 2025"
RNLI,Reliable Nepal Life Insurance Limited,866,Rs. 480.0,Rs. 455.7,Rs. 479.7,20.2,203534,95893545.9,459.5,4.4,"03 July, 2025"
RNLI,Reliable Nepal Life Insurance Limited,700,Rs. 485.0,Rs. 473.7,Rs. 474.62,-5.08,97161,46556898.4,479.7,-1.06,"06 July, 2025"
RNLI,Reliable Nepal Life Insurance Limited,572,Rs. 480.0,Rs. 468.0,Rs. 471.33,-3.29,163996,77825234.4,474.62,-0.69,"07 July, 2025"
RNLI,Reliable Nepal Life Insurance Limited,351,Rs. 476.3,Rs. 465.0,Rs. 472.7,1.37,25563,11992488.4,471.33,0.29,"08 July, 2025"
RNLI,Reliable Nepal Life Insurance Limited,339,Rs. 478.0,Rs. 470.5,Rs. 472.92,0.22,30840,14595442.0,472.7,0.05,"09 July, 2025"
RNLI,Reliable Nepal Life Insurance Limited,429,Rs. 480.0,Rs. 465.2,Rs. 476.45,3.53,27983,13289608.5,472.92,0.75,"10 July, 2025"
RNLI,Reliable Nepal Life Insurance Limited,448,Rs. 485.0,Rs. 472.3,Rs. 474.4,-2.05,58025,27624543.3,476.45,-0.43,"13 July, 2025"
RNLI,Reliable Nepal Life Insurance Limited,316,Rs. 473.0,Rs. 466.0,Rs. 467.92,-6.48,20220,9479935.7,474.4,-1.37,"14 July, 2025"
RNLI,Reliable Nepal Life Insurance Limited,302,Rs. 474.0,Rs. 461.3,Rs. 471.85,3.93,19662,9223748.7,467.92,0.84,"15 July, 2025"
RNLI,Reliable Nepal Life Insurance Limited,365,Rs. 480.0,Rs. 471.1,Rs. 476.68,4.83,83840,40065325.1,471.85,1.02,"16 July, 2025"
RNLI,Reliable Nepal Life Insurance Limited,760,Rs. 494.0,Rs. 475.0,Rs. 492.08,15.4,133635,65476964.5,476.68,3.23,"17 July, 2025"
RNLI,Reliable Nepal Life Insurance Limited,982,Rs. 510.0,Rs. 488.0,Rs. 493.82,1.74,149947,74931160.2,492.08,0.35,"20 July, 2025"
RNLI,Reliable Nepal Life Insurance Limited,591,Rs. 496.0,Rs. 482.0,Rs. 492.86,-0.96,56981,27986471.5,493.82,-0.19,"21 July, 2025"
RNLI,Reliable Nepal Life Insurance Limited,1327,Rs. 513.0,Rs. 492.0,Rs. 510.42,17.56,172965,87433302.2,492.86,3.56,"22 July, 2025"
RNLI,Reliable Nepal Life Insurance Limited,1053,Rs. 520.0,Rs. 493.0,Rs. 509.94,-0.48,138802,69929038.7,510.42,-0.09,"23 July, 2025"
RNLI,Reliable Nepal Life Insurance Limited,1032,Rs. 520.9,Rs. 509.0,Rs. 515.49,5.55,189096,97412332.4,509.94,1.09,"24 July, 2025"
RNLI,Reliable Nepal Life Insurance Limited,1193,Rs. 526.0,Rs. 507.0,Rs. 512.47,-3.02,186861,96927075.2,515.49,-0.59,"27 July, 2025"
RNLI,Reliable Nepal Life Insurance Limited,859,Rs. 514.9,Rs. 502.4,Rs. 512.59,0.12,67664,34386766.7,512.47,0.02,"28 July, 2025"
RNLI,Reliable Nepal Life Insurance Limited,1281,Rs. 521.9,Rs. 504.0,Rs. 517.72,5.13,148900,77099117.9,512.59,1.0,"29 July, 2025"
RNLI,Reliable Nepal Life Insurance Limited,720,Rs. 522.0,Rs. 504.0,Rs. 505.14,-12.58,53155,27070910.2,517.72,-2.43,"30 July, 2025"
RNLI,Reliable Nepal Life Insurance Limited,819,Rs. 510.0,Rs. 495.3,Rs. 496.84,-8.3,99581,50043190.2,505.14,-1.64,"31 July, 2025"
RNLI,Reliable Nepal Life Insurance Limited,982,Rs. 497.5,Rs. 484.0,Rs. 485.45,-11.39,77607,37835375.6,496.84,-2.29,"03 August, 2025"
RNLI,Reliable Nepal Life Insurance Limited,689,Rs. 490.0,Rs. 481.2,Rs. 489.39,3.94,31899,15479232.0,485.45,0.81,"04 August, 2025"
RNLI,Reliable Nepal Life Insurance Limited,509,Rs. 490.0,Rs. 480.5,Rs. 482.2,-7.19,24667,11951173.3,489.39,-1.47,"05 August, 2025"
RNLI,Reliable Nepal Life Insurance Limited,428,Rs. 485.0,Rs. 476.0,Rs. 477.25,-4.95,21983,10512253.9,482.2,-1.03,"06 August, 2025"
RNLI,Reliable Nepal Life Insurance Limited,559,Rs. 498.0,Rs. 472.0,Rs. 484.84,7.59,56464,27466344.2,477.25,1.59,"07 August, 2025"
RNLI,Reliable Nepal Life Insurance Limited,639,Rs. 504.3,Rs. 481.1,Rs. 484.94,0.1,117489,57678806.3,484.84,0.02,"11 August, 2025"
RNLI,Reliable Nepal Life Insurance Limited,427,Rs. 482.0,Rs. 478.3,Rs. 479.54,-5.4,13537,6492078.1,484.94,-1.11,"12 August, 2025"
RNLI,Reliable Nepal Life Insurance Limited,445,Rs. 490.0,Rs. 475.0,Rs. 475.75,-3.79,39713,19136555.3,479.54,-0.79,"13 August, 2025"
RNLI,Reliable Nepal Life Insurance Limited,397,Rs. 484.1,Rs. 473.0,Rs. 473.57,-2.18,16108,7652603.9,475.75,-0.46,"14 August, 2025"
RNLI,Reliable Nepal Life Insurance Limited,892,Rs. 480.0,Rs. 466.1,Rs. 474.34,0.77,121451,57141896.6,473.57,0.16,"17 August, 2025"
RNLI,Reliable Nepal Life Insurance Limited,547,Rs. 482.4,Rs. 464.9,Rs. 479.68,5.34,70925,33846938.3,474.34,1.13,"18 August, 2025"
RNLI,Reliable Nepal Life Insurance Limited,630,Rs. 485.0,Rs. 476.1,Rs. 483.3,3.62,90215,43572401.1,479.68,0.75,"19 August, 2025"
RNLI,Reliable Nepal Life Insurance Limited,533,Rs. 488.0,Rs. 475.5,Rs. 476.02,-7.28,57854,27903183.9,483.3,-1.51,"20 August, 2025"
RNLI,Reliable Nepal Life Insurance Limited,508,Rs. 484.5,Rs. 475.0,Rs. 477.27,1.25,37313,17891601.5,476.02,0.26,"21 August, 2025"
RNLI,Reliable Nepal Life Insurance Limited,582,Rs. 494.0,Rs. 469.0,Rs. 474.59,-2.68,104290,50620456.6,477.27,-0.56,"24 August, 2025"
RNLI,Reliable Nepal Life Insurance Limited,425,Rs. 476.0,Rs. 466.0,Rs. 475.65,1.06,21228,10028343.1,474.59,0.22,"25 August, 2025"
RNLI,Reliable Nepal Life Insurance Limited,359,Rs. 482.9,Rs. 472.1,Rs. 476.78,1.13,27492,13187817.1,475.65,0.24,"26 August, 2025"
RNLI,Reliable Nepal Life Insurance Limited,761,Rs. 498.0,Rs. 473.0,Rs. 489.23,12.45,177939,86087162.4,476.78,2.61,"27 August, 2025"
RNLI,Reliable Nepal Life Insurance Limited,539,Rs. 495.0,Rs. 478.5,Rs. 479.95,-9.28,85710,41969158.9,489.23,-1.9,"28 August, 2025"
RNLI,Reliable Nepal Life Insurance Limited,541,Rs. 480.0,Rs. 469.3,Rs. 469.76,-10.19,41368,19521917.9,479.95,-2.12,"31 August, 2025"
RNLI,Reliable Nepal Life Insurance Limited,455,Rs. 479.1,Rs. 467.0,Rs. 472.66,2.9,70711,33446127.9,469.76,0.62,"01 September, 2025"
RNLI,Reliable Nepal Life Insurance Limited,511,Rs. 474.0,Rs. 466.0,Rs. 466.56,-6.1,25274,11865289.1,472.66,-1.29,"02 September, 2025"
RNLI,Reliable Nepal Life Insurance Limited,420,Rs. 470.0,Rs. 463.0,Rs. 463.6,-2.96,17682,8224095.4,466.56,-0.63,"03 September, 2025"
RNLI,Reliable Nepal Life Insurance Limited,428,Rs. 469.4,Rs. 458.7,Rs. 461.1,-2.5,26402,12171094.5,463.6,-0.54,"04 September, 2025"
RNLI,Reliable Nepal Life Insurance Limited,449,Rs. 465.9,Rs. 453.3,Rs. 455.04,-6.06,26746,12230279.5,461.1,-1.31,"07 September, 2025"
RNLI,Reliable Nepal Life Insurance Limited,336,Rs. 459.0,Rs. 447.0,Rs. 448.43,-6.61,34612,15604694.9,455.04,-1.45,"08 September, 2025"
RNLI,Reliable Nepal Life Insurance Limited,504,Rs. 480.0,Rs. 440.0,Rs. 467.0,19.11,96077,45015093.2,447.89,4.27,"23 September, 2025"
RNLI,Reliable Nepal Life Insurance Limited,291,Rs. 474.9,Rs. 462.0,Rs. 468.5,1.5,56386,26453923.0,467.0,0.32,"24 September, 2025"
RNLI,Reliable Nepal Life Insurance Limited,207,Rs. 464.9,Rs. 456.0,Rs. 461.9,-6.6,18500,8508226.5,468.5,-1.41,"25 September, 2025"
RNLI,Reliable Nepal Life Insurance Limited,227,Rs. 477.9,Rs. 463.2,Rs. 472.0,10.1,61784,29116136.4,461.9,2.19,"28 September, 2025"
RNLI,Reliable Nepal Life Insurance Limited,364,Rs. 467.0,Rs. 450.0,Rs. 451.3,-20.7,36241,16506381.7,472.0,-4.39,"07 October, 2025"
RNLI,Reliable Nepal Life Insurance Limited,329,Rs. 452.0,Rs. 440.1,Rs. 448.8,-2.5,29176,12966252.6,451.3,-0.55,"08 October, 2025"
RNLI,Reliable Nepal Life Insurance Limited,295,Rs. 474.0,Rs. 448.8,Rs. 453.0,4.2,27174,12384870.2,448.8,0.94,"09 October, 2025"
RNLI,Reliable Nepal Life Insurance Limited,352,Rs. 450.0,Rs. 436.2,Rs. 437.0,-16.0,31142,13759932.5,453.0,-3.53,"12 October, 2025"
RNLI,Reliable Nepal Life Insurance Limited,231,Rs. 449.8,Rs. 442.0,Rs. 444.0,-3.6,17573,7812171.1,447.6,-0.8,"14 October, 2025"
RNLI,Reliable Nepal Life Insurance Limited,185,Rs. 445.0,Rs. 436.0,Rs. 441.0,-3.0,13728,6037786.0,444.0,-0.68,"15 October, 2025"
RNLI,Reliable Nepal Life Insurance Limited,188,Rs. 441.0,Rs. 434.1,Rs. 436.0,-5.0,13100,5721013.6,441.0,-1.13,"16 October, 2025"
RNLI,Reliable Nepal Life Insurance Limited,152,Rs. 440.0,Rs. 431.2,Rs. 434.3,-1.7,8029,3497631.9,436.0,-0.39,"19 October, 2025"
RNLI,Reliable Nepal Life Insurance Limited,167,Rs. 439.8,Rs. 432.0,Rs. 439.0,4.7,11807,5131268.0,434.3,1.08,"26 October, 2025"
RNLI,Reliable Nepal Life Insurance Limited,472,Rs. 469.0,Rs. 441.1,Rs. 469.0,30.0,82353,37803044.6,439.0,6.83,"28 October, 2025"
RNLI,Reliable Nepal Life Insurance Limited,429,Rs. 477.0,Rs. 463.6,Rs. 471.5,2.5,125750,59217392.1,469.0,0.53,"29 October, 2025"
RNLI,Reliable Nepal Life Insurance Limited,485,Rs. 482.0,Rs. 463.1,Rs. 479.0,7.5,129704,61193746.8,471.5,1.59,"30 October, 2025"
RNLI,Reliable Nepal Life Insurance Limited,654,Rs. 494.0,Rs. 476.0,Rs. 491.0,12.0,195150,94962868.8,479.0,2.51,"02 November, 2025"
RNLI,Reliable Nepal Life Insurance Limited,480,Rs. 493.0,Rs. 481.2,Rs. 487.9,-3.1,126777,61968732.3,491.0,-0.63,"03 November, 2025"
